Records ID,Beetle Host,categories,pathogens,country or region,ecological relationship,experimental conditions,,identification method,infection site,organism source,,validation type,source,year,full text,reference
1,Ips typographus,Fungi,Beauveria bassiana,Romania,pathogen,laboratory,,not stated,cuticular contact,laboratory cultivated,,virulence test,"Andrei et al., 2013",2013,full text,"Andrei, A. M., Lupăştean, D., Ciornei, C., Fătu, A. C., & Dinu, M. M. (2013). Laboratory Beauveria bassiana (Bals.) Vuill. bioassays on spruce bark beetle (Ips typographus L.). IOBC/WPRS Bulletin, 90, 93-96."
2,Scolytus ventralis,Nematode,Sulphuretylenchus elongatus,United States,parasite,field natural observation,,not stated,cuticle integument,field collected natural observation,,,"Ashraf and Berryman, 1970",1970,full text,"Ashraf, M., Berryman, A.A., 1970. Biology of Sulphuretylenchus elongatus (Nematoda: Spaerulariidae) and its effect on its host Scolytus ventralis (Coleoptera: Scolytidae). Can. Entomol. 102, 197–213."
3,Scolytus ventralis,Nematode,Sulphuretylenchus elongatus,,parasite,field natural observation,,not stated,cuticle integument,field collected natural observation,,,"Ashraf, 1968",1968,only English abstract,"Ashraf, M., 1968. Biological studies of Scolytus ventralis Le Conte (Coleoptera: Scolytidae) with particular reference to nematode parasite Sulphuretylenchus elongatus Massey. Ph.D. thesis, Washington State University, Pullman."
4,Dendroctonus frontalis,Microsporidia,Unikaryon minutum,United States,,,,,,samples from traps,,,"Atkinson and Wilkinson, 1979",1979,full text,"Atkinson, T.H., Wilkinson, R.C., 1979. Microsporidian and nematode incidence in live-trapped and reared southern pine beetle adults. Fla. Entomol. 62, 169–175."
5,Dendroctonus frontalis,Nematode,Contortylenchus brevicomi,United States,parasite,,,,,samples from traps,,,"Atkinson and Wilkinson, 1979",1979,full text,"Atkinson, T.H., Wilkinson, R.C., 1979. Microsporidian and nematode incidence in live-trapped and reared southern pine beetle adults. Fla. Entomol. 62, 169–175."
6,Xyleborus glabratus,Fungi,Beauveria bassiana,,pathogen,laboratory,,,undetermined,commercial strain,,virulence test,"Avery et al., 2018",2018,full text,"Avery, P. B., Bojorque, V., Gámez, C., Duncan, R. E., Carrillo, D., & Cave, R. D. (2018). Spore acquisition and survival of ambrosia beetles associated with the laurel wilt pathogen in avocados after exposure to entomopathogenic fungi. Insects, 9(2), 49."
7,Xyleborus glabratus,Fungi,Metarhizium brunneum,,pathogen,laboratory,,,undetermined,commercial strain,,virulence test,"Avery et al., 2018",2018,full text,"Avery, P. B., Bojorque, V., Gámez, C., Duncan, R. E., Carrillo, D., & Cave, R. D. (2018). Spore acquisition and survival of ambrosia beetles associated with the laurel wilt pathogen in avocados after exposure to entomopathogenic fungi. Insects, 9(2), 49."
8,Xyleborus glabratus,Fungi,Isaria fumosorosea,,pathogen,laboratory,,,undetermined,commercial strain,,virulence test,"Avery et al., 2018",2018,full text,"Avery, P. B., Bojorque, V., Gámez, C., Duncan, R. E., Carrillo, D., & Cave, R. D. (2018). Spore acquisition and survival of ambrosia beetles associated with the laurel wilt pathogen in avocados after exposure to entomopathogenic fungi. Insects, 9(2), 49."
9,Xylosandrus crassiusculus,Fungi,Beauveria bassiana,,pathogen,laboratory,,,undetermined,commercial strain,,virulence test,"Avery et al., 2018",2018,full text,"Avery, P. B., Bojorque, V., Gámez, C., Duncan, R. E., Carrillo, D., & Cave, R. D. (2018). Spore acquisition and survival of ambrosia beetles associated with the laurel wilt pathogen in avocados after exposure to entomopathogenic fungi. Insects, 9(2), 49."
10,Xylosandrus crassiusculus,Fungi,Metarhizium brunneum,,pathogen,laboratory,,,undetermined,commercial strain,,virulence test,"Avery et al., 2018",2018,full text,"Avery, P. B., Bojorque, V., Gámez, C., Duncan, R. E., Carrillo, D., & Cave, R. D. (2018). Spore acquisition and survival of ambrosia beetles associated with the laurel wilt pathogen in avocados after exposure to entomopathogenic fungi. Insects, 9(2), 49."
11,Xylosandrus crassiusculus,Fungi,Isaria fumosorosea,,pathogen,laboratory,,,undetermined,commercial strain,,virulence test,"Avery et al., 2018",2018,full text,"Avery, P. B., Bojorque, V., Gámez, C., Duncan, R. E., Carrillo, D., & Cave, R. D. (2018). Spore acquisition and survival of ambrosia beetles associated with the laurel wilt pathogen in avocados after exposure to entomopathogenic fungi. Insects, 9(2), 49."
12,Xyleborus volvulus,Fungi,Beauveria bassiana,,pathogen,laboratory,,,undetermined,commercial strain,,virulence test,"Avery et al., 2018",2018,full text,"Avery, P. B., Bojorque, V., Gámez, C., Duncan, R. E., Carrillo, D., & Cave, R. D. (2018). Spore acquisition and survival of ambrosia beetles associated with the laurel wilt pathogen in avocados after exposure to entomopathogenic fungi. Insects, 9(2), 49."
13,Xyleborus volvulus,Fungi,Metarhizium brunneum,,pathogen,laboratory,,,undetermined,commercial strain,,virulence test,"Avery et al., 2018",2018,full text,"Avery, P. B., Bojorque, V., Gámez, C., Duncan, R. E., Carrillo, D., & Cave, R. D. (2018). Spore acquisition and survival of ambrosia beetles associated with the laurel wilt pathogen in avocados after exposure to entomopathogenic fungi. Insects, 9(2), 49."
14,Xyleborus volvulus,Fungi,Isaria fumosorosea,,pathogen,laboratory,,,undetermined,commercial strain,,virulence test,"Avery et al., 2018",2018,full text,"Avery, P. B., Bojorque, V., Gámez, C., Duncan, R. E., Carrillo, D., & Cave, R. D. (2018). Spore acquisition and survival of ambrosia beetles associated with the laurel wilt pathogen in avocados after exposure to entomopathogenic fungi. Insects, 9(2), 49."
15,Xyleborus bispinatus,Fungi,Beauveria bassiana,,pathogen,laboratory,,,undetermined,commercial strain,,virulence test,"Avery et al., 2018",2018,full text,"Avery, P. B., Bojorque, V., Gámez, C., Duncan, R. E., Carrillo, D., & Cave, R. D. (2018). Spore acquisition and survival of ambrosia beetles associated with the laurel wilt pathogen in avocados after exposure to entomopathogenic fungi. Insects, 9(2), 49."
16,Xyleborus bispinatus,Fungi,Metarhizium brunneum,,pathogen,laboratory,,,undetermined,commercial strain,,virulence test,"Avery et al., 2018",2018,full text,"Avery, P. B., Bojorque, V., Gámez, C., Duncan, R. E., Carrillo, D., & Cave, R. D. (2018). Spore acquisition and survival of ambrosia beetles associated with the laurel wilt pathogen in avocados after exposure to entomopathogenic fungi. Insects, 9(2), 49."
17,Xyleborus bispinatus,Fungi,Isaria fumosorosea,,pathogen,laboratory,,,undetermined,commercial strain,,virulence test,"Avery et al., 2018",2018,full text,"Avery, P. B., Bojorque, V., Gámez, C., Duncan, R. E., Carrillo, D., & Cave, R. D. (2018). Spore acquisition and survival of ambrosia beetles associated with the laurel wilt pathogen in avocados after exposure to entomopathogenic fungi. Insects, 9(2), 49."
18,Scolytus multistriatus,Fungi,Beauveria bassiana,,,,,,,,,,"Balazy et al., 1967",1967,non full-text ,"Bałazy, S., Bargielski, J., Ziółkowski, G., & Czerwińska, C. (1967). Śmiertelność dorosłych chrząszczy kornika drukarza–Ips typographus (L.)(Col., Scolytidae) w żerowiskachijej przyczyny. Polskie Pismo Entomologiczne, 37(1), 201-205."
19,Scolytus ratzeburgi,Fungi,Beauveria bassiana,,,,,,,,,,"Balazy et al., 1967",1967,non full-text ,"Bałazy, S., Bargielski, J., Ziółkowski, G., & Czerwińska, C. (1967). Śmiertelność dorosłych chrząszczy kornika drukarza–Ips typographus (L.)(Col., Scolytidae) w żerowiskachijej przyczyny. Polskie Pismo Entomologiczne, 37(1), 201-205."
20,Scolytus scolytus,Fungi,Beauveria bassiana,,,,,,,,,,"Balazy et al., 1967",1967,non full-text ,"Bałazy, S., Bargielski, J., Ziółkowski, G., & Czerwińska, C. (1967). Śmiertelność dorosłych chrząszczy kornika drukarza–Ips typographus (L.)(Col., Scolytidae) w żerowiskachijej przyczyny. Polskie Pismo Entomologiczne, 37(1), 201-205."
21,Scolytus laevis,Fungi,Beauveria bassiana,,,,,,,,,,"Balazy et al., 1967",1967,non full-text ,"Bałazy, S., Bargielski, J., Ziółkowski, G., & Czerwińska, C. (1967). Śmiertelność dorosłych chrząszczy kornika drukarza–Ips typographus (L.)(Col., Scolytidae) w żerowiskachijej przyczyny. Polskie Pismo Entomologiczne, 37(1), 201-205."
22,Polygraphus poligraphus,Fungi,Beauveria bassiana,,,,,,,,,,"Balazy et al., 1967",1967,non full-text ,"Bałazy, S., Bargielski, J., Ziółkowski, G., & Czerwińska, C. (1967). Śmiertelność dorosłych chrząszczy kornika drukarza–Ips typographus (L.)(Col., Scolytidae) w żerowiskachijej przyczyny. Polskie Pismo Entomologiczne, 37(1), 201-205."
23,Hylurgops palliatus,Fungi,Beauveria bassiana,,,,,,,,,,"Balazy et al., 1967",1967,non full-text ,"Bałazy, S., Bargielski, J., Ziółkowski, G., & Czerwińska, C. (1967). Śmiertelność dorosłych chrząszczy kornika drukarza–Ips typographus (L.)(Col., Scolytidae) w żerowiskachijej przyczyny. Polskie Pismo Entomologiczne, 37(1), 201-205."
24,Hylastes opacus,Fungi,Beauveria bassiana,,,,,,,,,,"Balazy et al., 1967",1967,non full-text ,"Bałazy, S., Bargielski, J., Ziółkowski, G., & Czerwińska, C. (1967). Śmiertelność dorosłych chrząszczy kornika drukarza–Ips typographus (L.)(Col., Scolytidae) w żerowiskachijej przyczyny. Polskie Pismo Entomologiczne, 37(1), 201-205."
25,Dryocoetes autographus,Fungi,Beauveria bassiana,,,,,,,,,,"Balazy et al., 1967",1967,non full-text ,"Bałazy, S., Bargielski, J., Ziółkowski, G., & Czerwińska, C. (1967). Śmiertelność dorosłych chrząszczy kornika drukarza–Ips typographus (L.)(Col., Scolytidae) w żerowiskachijej przyczyny. Polskie Pismo Entomologiczne, 37(1), 201-205."
26,Leperesinus fraxini,Fungi,Beauveria bassiana,,,,,,,,,,"Balazy et al., 1967",1967,non full-text ,"Bałazy, S., Bargielski, J., Ziółkowski, G., & Czerwińska, C. (1967). Śmiertelność dorosłych chrząszczy kornika drukarza–Ips typographus (L.)(Col., Scolytidae) w żerowiskachijej przyczyny. Polskie Pismo Entomologiczne, 37(1), 201-205."
27,Ips amitinus,Fungi,Beauveria bassiana,,,,,,,,,,"Balazy et al., 1967",1967,non full-text ,"Bałazy, S., Bargielski, J., Ziółkowski, G., & Czerwińska, C. (1967). Śmiertelność dorosłych chrząszczy kornika drukarza–Ips typographus (L.)(Col., Scolytidae) w żerowiskachijej przyczyny. Polskie Pismo Entomologiczne, 37(1), 201-205."
28,Ips typographus,Fungi,Isaria farinosa,,,,,,,,,,"Balazy et al., 1967",1967,non full-text ,"Bałazy, S., Bargielski, J., Ziółkowski, G., & Czerwińska, C. (1967). Śmiertelność dorosłych chrząszczy kornika drukarza–Ips typographus (L.)(Col., Scolytidae) w żerowiskachijej przyczyny. Polskie Pismo Entomologiczne, 37(1), 201-205."
29,Ips acuminatus,Fungi,Beauveria bassiana,Poland,pathogen,,,,,,,,"Balazy et al., 1987",1987,only English abstract,"Bałazy, S., Michalski, J., Ratajczak, E., 1987. Contribution to the knowledge of natural enemies of Ips acuminatus Gyll. (Coleoptera; Scolytidae). Polskie Pismo Entomologiczne 57, 735–745."
30,Ips acuminatus,Nematode,Contortylenchus acuminati,Poland,associate,,,,,,,,"Balazy et al., 1987",1987,only English abstract,"Bałazy, S., Michalski, J., Ratajczak, E., 1987. Contribution to the knowledge of natural enemies of Ips acuminatus Gyll. (Coleoptera; Scolytidae). Polskie Pismo Entomologiczne 57, 735–745."
31,Scolytus multistriatus,Fungi,Beauveria bassiana,Poland,,,,,,,,,"Balazy, 1962",1962,,"Bałazy, S., 1962. Observations on appearing of some entomogenous fungi of fungi imperfecti group of forest insects. Polskie Pismo Entomologiczne, 149–164, Ser. B, 3–4."
32,Scolytus ratzeburgi,Fungi,Beauveria bassiana,Poland,,,,,,,,,"Balazy, 1962",1962,,"Bałazy, S., 1962. Observations on appearing of some entomogenous fungi of fungi imperfecti group of forest insects. Polskie Pismo Entomologiczne, 149–164, Ser. B, 3–4."
33,Scolytus scolytus,Fungi,Beauveria bassiana,Poland,,,,,,,,,"Balazy, 1962",1962,,"Bałazy, S., 1962. Observations on appearing of some entomogenous fungi of fungi imperfecti group of forest insects. Polskie Pismo Entomologiczne, 149–164, Ser. B, 3–4."
34,Scolytus laevis,Fungi,Beauveria bassiana,Poland,,,,,,,,,"Balazy, 1962",1962,,"Bałazy, S., 1962. Observations on appearing of some entomogenous fungi of fungi imperfecti group of forest insects. Polskie Pismo Entomologiczne, 149–164, Ser. B, 3–4."
35,Polygraphus poligraphus,Fungi,Beauveria bassiana,Poland,,,,,,,,,"Balazy, 1962",1962,,"Bałazy, S., 1962. Observations on appearing of some entomogenous fungi of fungi imperfecti group of forest insects. Polskie Pismo Entomologiczne, 149–164, Ser. B, 3–4."
36,Hylurgops palliatus,Fungi,Beauveria bassiana,Poland,,,,,,,,,"Balazy, 1962",1962,,"Bałazy, S., 1962. Observations on appearing of some entomogenous fungi of fungi imperfecti group of forest insects. Polskie Pismo Entomologiczne, 149–164, Ser. B, 3–4."
37,Hylastes opacus,Fungi,Beauveria bassiana,Poland,,,,,,,,,"Balazy, 1962",1962,,"Bałazy, S., 1962. Observations on appearing of some entomogenous fungi of fungi imperfecti group of forest insects. Polskie Pismo Entomologiczne, 149–164, Ser. B, 3–4."
38,Dryocoetes autographus,Fungi,Beauveria bassiana,Poland,,,,,,,,,"Balazy, 1962",1962,,"Bałazy, S., 1962. Observations on appearing of some entomogenous fungi of fungi imperfecti group of forest insects. Polskie Pismo Entomologiczne, 149–164, Ser. B, 3–4."
39,Leperesinus fraxini,Fungi,Beauveria bassiana,Poland,,,,,,,,,"Balazy, 1962",1962,,"Bałazy, S., 1962. Observations on appearing of some entomogenous fungi of fungi imperfecti group of forest insects. Polskie Pismo Entomologiczne, 149–164, Ser. B, 3–4."
40,Ips amitinus,Fungi,Beauveria bassiana,Poland,,,,,,,,,"Balazy, 1962",1962,,"Bałazy, S., 1962. Observations on appearing of some entomogenous fungi of fungi imperfecti group of forest insects. Polskie Pismo Entomologiczne, 149–164, Ser. B, 3–4."
41,Crypturgus pusillus,Fungi,Lecanicillium lecanii,Poland,,,,,,,,,"Balazy, 1962",1962,,"Bałazy, S., 1962. Observations on appearing of some entomogenous fungi of fungi imperfecti group of forest insects. Polskie Pismo Entomologiczne, 149–164, Ser. B, 3–4."
42,Scolytus spp.,Fungi,Beauveria densa,Poland,,,,,,,,,"Balazy, 1962",1962,,"Bałazy, S., 1962. Observations on appearing of some entomogenous fungi of fungi imperfecti group of forest insects. Polskie Pismo Entomologiczne, 149–164, Ser. B, 3–4."
43,Polygraphus poligraphus,Fungi,Lecanicillium lecanii,Poland,pathogen,,,,,,,,"Balazy, 1963",1963,only English abstract,"Bałazy, S., 1963. The fungus Cephalosporium (Acrostalagmus) lecanii Zimm., a pathogen of beetle larvae. Acta Societatis Botanicorum Poloniae 32, 69–80."
44,Scolytus ratzeburgi,Fungi,Lecanicillium lecanii,Poland,pathogen,,,,,,,,"Balazy, 1963",1963,only English abstract,"Bałazy, S., 1963. The fungus Cephalosporium (Acrostalagmus) lecanii Zimm., a pathogen of beetle larvae. Acta Societatis Botanicorum Poloniae 32, 69–80."
45,Scolytus multistriatus,Fungi,Beauveria bassiana,Poland,,,,,,,,,"Balazy, 1965",1965,,"Bałazy, S., 1965. Entomopathogenous fungi from the order Hyphomycetes damaging forest insects in Poland. Roczniki Wyzszej Szkoly Rolniczej w Poznaniu 27, 21–30."
46,Scolytus ratzeburgi,Fungi,Beauveria bassiana,Poland,,,,,,,,,"Balazy, 1965",1965,,"Bałazy, S., 1965. Entomopathogenous fungi from the order Hyphomycetes damaging forest insects in Poland. Roczniki Wyzszej Szkoly Rolniczej w Poznaniu 27, 21–30."
47,Scolytus scolytus,Fungi,Beauveria bassiana,Poland,,,,,,,,,"Balazy, 1965",1965,,"Bałazy, S., 1965. Entomopathogenous fungi from the order Hyphomycetes damaging forest insects in Poland. Roczniki Wyzszej Szkoly Rolniczej w Poznaniu 27, 21–30."
48,Scolytus laevis,Fungi,Beauveria bassiana,Poland,,,,,,,,,"Balazy, 1965",1965,,"Bałazy, S., 1965. Entomopathogenous fungi from the order Hyphomycetes damaging forest insects in Poland. Roczniki Wyzszej Szkoly Rolniczej w Poznaniu 27, 21–30."
49,Polygraphus poligraphus,Fungi,Beauveria bassiana,Poland,,,,,,,,,"Balazy, 1965",1965,,"Bałazy, S., 1965. Entomopathogenous fungi from the order Hyphomycetes damaging forest insects in Poland. Roczniki Wyzszej Szkoly Rolniczej w Poznaniu 27, 21–30."
50,Hylurgops palliatus,Fungi,Beauveria bassiana,Poland,,,,,,,,,"Balazy, 1965",1965,,"Bałazy, S., 1965. Entomopathogenous fungi from the order Hyphomycetes damaging forest insects in Poland. Roczniki Wyzszej Szkoly Rolniczej w Poznaniu 27, 21–30."
51,Hylastes opacus,Fungi,Beauveria bassiana,Poland,,,,,,,,,"Balazy, 1965",1965,,"Bałazy, S., 1965. Entomopathogenous fungi from the order Hyphomycetes damaging forest insects in Poland. Roczniki Wyzszej Szkoly Rolniczej w Poznaniu 27, 21–30."
52,Dryocoetes autographus,Fungi,Beauveria bassiana,Poland,,,,,,,,,"Balazy, 1965",1965,,"Bałazy, S., 1965. Entomopathogenous fungi from the order Hyphomycetes damaging forest insects in Poland. Roczniki Wyzszej Szkoly Rolniczej w Poznaniu 27, 21–30."
53,Leperesinus fraxini,Fungi,Beauveria bassiana,Poland,,,,,,,,,"Balazy, 1965",1965,,"Bałazy, S., 1965. Entomopathogenous fungi from the order Hyphomycetes damaging forest insects in Poland. Roczniki Wyzszej Szkoly Rolniczej w Poznaniu 27, 21–30."
54,Ips amitinus,Fungi,Beauveria bassiana,Poland,,,,,,,,,"Balazy, 1965",1965,,"Bałazy, S., 1965. Entomopathogenous fungi from the order Hyphomycetes damaging forest insects in Poland. Roczniki Wyzszej Szkoly Rolniczej w Poznaniu 27, 21–30."
55,Scolytus multistriatus,Fungi,Beauveria bassiana,Poland,,,,,,,,,"Balazy, 1966",1966,,"Bałazy, S., 1966. Living organisms regulating population density of bark beetles in spruce forests, with special reference to entomopathogenic fungi I. Poznanskie Towarzystwo Przyjaciol Nauk Wydzial Nauk Rolniczych I Lesnych 21, 3–50."
56,Scolytus ratzeburgi,Fungi,Beauveria bassiana,Poland,,,,,,,,,"Balazy, 1966",1966,,"Bałazy, S., 1966. Living organisms regulating population density of bark beetles in spruce forests, with special reference to entomopathogenic fungi I. Poznanskie Towarzystwo Przyjaciol Nauk Wydzial Nauk Rolniczych I Lesnych 21, 3–50."
57,Scolytus scolytus,Fungi,Beauveria bassiana,Poland,,,,,,,,,"Balazy, 1966",1966,,"Bałazy, S., 1966. Living organisms regulating population density of bark beetles in spruce forests, with special reference to entomopathogenic fungi I. Poznanskie Towarzystwo Przyjaciol Nauk Wydzial Nauk Rolniczych I Lesnych 21, 3–50."
58,Scolytus laevis,Fungi,Beauveria bassiana,Poland,,,,,,,,,"Balazy, 1966",1966,,"Bałazy, S., 1966. Living organisms regulating population density of bark beetles in spruce forests, with special reference to entomopathogenic fungi I. Poznanskie Towarzystwo Przyjaciol Nauk Wydzial Nauk Rolniczych I Lesnych 21, 3–50."
59,Polygraphus poligraphus,Fungi,Beauveria bassiana,Poland,,,,,,,,,"Balazy, 1966",1966,,"Bałazy, S., 1966. Living organisms regulating population density of bark beetles in spruce forests, with special reference to entomopathogenic fungi I. Poznanskie Towarzystwo Przyjaciol Nauk Wydzial Nauk Rolniczych I Lesnych 21, 3–50."
60,Hylurgops palliatus,Fungi,Beauveria bassiana,Poland,,,,,,,,,"Balazy, 1966",1966,,"Bałazy, S., 1966. Living organisms regulating population density of bark beetles in spruce forests, with special reference to entomopathogenic fungi I. Poznanskie Towarzystwo Przyjaciol Nauk Wydzial Nauk Rolniczych I Lesnych 21, 3–50."
61,Hylastes opacus,Fungi,Beauveria bassiana,Poland,,,,,,,,,"Balazy, 1966",1966,,"Bałazy, S., 1966. Living organisms regulating population density of bark beetles in spruce forests, with special reference to entomopathogenic fungi I. Poznanskie Towarzystwo Przyjaciol Nauk Wydzial Nauk Rolniczych I Lesnych 21, 3–50."
62,Dryocoetes autographus,Fungi,Beauveria bassiana,Poland,,,,,,,,,"Balazy, 1966",1966,,"Bałazy, S., 1966. Living organisms regulating population density of bark beetles in spruce forests, with special reference to entomopathogenic fungi I. Poznanskie Towarzystwo Przyjaciol Nauk Wydzial Nauk Rolniczych I Lesnych 21, 3–50."
63,Leperesinus fraxini,Fungi,Beauveria bassiana,Poland,,,,,,,,,"Balazy, 1966",1966,,"Bałazy, S., 1966. Living organisms regulating population density of bark beetles in spruce forests, with special reference to entomopathogenic fungi I. Poznanskie Towarzystwo Przyjaciol Nauk Wydzial Nauk Rolniczych I Lesnych 21, 3–50."
64,Ips amitinus,Fungi,Beauveria bassiana,Poland,,,,,,,,,"Balazy, 1966",1966,,"Bałazy, S., 1966. Living organisms regulating population density of bark beetles in spruce forests, with special reference to entomopathogenic fungi I. Poznanskie Towarzystwo Przyjaciol Nauk Wydzial Nauk Rolniczych I Lesnych 21, 3–50."
65,Scolytus intricatus,Fungi,Lecanicillium lecanii,Poland,pathogen,laboratory,,,cuticular contact,field-collected,,pathogenicity test,"Balazy, 1973",1973,only English abstract,"Bałazy, S., 1973. A review of entomopathogenic species of the genus Cephalosporium Corda (Mycota, Hyphomycetales). Bulletin de la societe des Amis des Sciences et des Lettres de Poznan, Ser. D 14, 101–137."
66,Scolytus kirschii,Fungi,Lecanicillium lecanii,Poland,pathogen,laboratory,,,cuticular contact,field-collected,,pathogenicity test,"Balazy, 1973",1973,only English abstract,"Bałazy, S., 1973. A review of entomopathogenic species of the genus Cephalosporium Corda (Mycota, Hyphomycetales). Bulletin de la societe des Amis des Sciences et des Lettres de Poznan, Ser. D 14, 101–137."
67,Hylesinus crenatus,Fungi,Lecanicillium lecanii,Poland,pathogen,laboratory,,,cuticular contact,field-collected,,pathogenicity test,"Balazy, 1973",1973,only English abstract,"Bałazy, S., 1973. A review of entomopathogenic species of the genus Cephalosporium Corda (Mycota, Hyphomycetales). Bulletin de la societe des Amis des Sciences et des Lettres de Poznan, Ser. D 14, 101–137."
68,Ips typographus,Fungi,Lecanicillium lecanii,Poland,pathogen,laboratory,,,cuticular contact,field-collected,,pathogenicity test,"Balazy, 1973",1973,only English abstract,"Bałazy, S., 1973. A review of entomopathogenic species of the genus Cephalosporium Corda (Mycota, Hyphomycetales). Bulletin de la societe des Amis des Sciences et des Lettres de Poznan, Ser. D 14, 101–137."
69,Scolytus scolytus,Fungi,Lecanicillium lecanii,,pathogen,laboratory,,,cuticular contact,field-collected,,pathogenicity test,"Barson, 1976",1976,full text,"Barson, G., 1976. Laboratory studies on the fungus Verticillium lecanii, a larval pathogen of the large elm bark beetle (Scolytus scolytus). Ann. Appl. Biol. 83, 207–214."
70,Ips typographus,Fungi,Beauveria caledonica,Slovakia,pathogen,laboratory,,,cuticular contact,field-collected,,virulence test,"Barta et al., 2018",2018,full text,"Barta, M., Kautmanová, I., Čičková, H., Ferenčík, J., Florián, Š., Novotný, J., & Kozánek, M. (2018). Hypocrealean fungi associated with populations of Ips typographus in West Carpathians and selection of local Beauveria strains for effective bark beetle control. Biologia, 73(1), 53-65."
71,Ips typographus,Fungi,Beauveria bassiana,Slovakia,pathogen,laboratory,,,cuticular contact,field-collected,,virulence test,"Barta et al., 2018",2018,full text,"Barta, M., Kautmanová, I., Čičková, H., Ferenčík, J., Florián, Š., Novotný, J., & Kozánek, M. (2018). Hypocrealean fungi associated with populations of Ips typographus in West Carpathians and selection of local Beauveria strains for effective bark beetle control. Biologia, 73(1), 53-65."
72,Ips typographus,Fungi,Beauveria pseudobassiana,Slovakia,pathogen,laboratory,,,cuticular contact,field-collected,,virulence test,"Barta et al., 2018",2018,full text,"Barta, M., Kautmanová, I., Čičková, H., Ferenčík, J., Florián, Š., Novotný, J., & Kozánek, M. (2018). Hypocrealean fungi associated with populations of Ips typographus in West Carpathians and selection of local Beauveria strains for effective bark beetle control. Biologia, 73(1), 53-65."
73,Ips typographus,Fungi,Lecanicillium lecanii,Slovakia,,,,,,field-collected,,,"Barta et al., 2018",2018,full text,"Barta, M., Kautmanová, I., Čičková, H., Ferenčík, J., Florián, Š., Novotný, J., & Kozánek, M. (2018). Hypocrealean fungi associated with populations of Ips typographus in West Carpathians and selection of local Beauveria strains for effective bark beetle control. Biologia, 73(1), 53-65."
74,Ips typographus,Fungi,Isaria farinosa,Slovakia,,,,,,field-collected,,,"Barta et al., 2018",2018,full text,"Barta, M., Kautmanová, I., Čičková, H., Ferenčík, J., Florián, Š., Novotný, J., & Kozánek, M. (2018). Hypocrealean fungi associated with populations of Ips typographus in West Carpathians and selection of local Beauveria strains for effective bark beetle control. Biologia, 73(1), 53-65."
75,Ips typographus,Fungi,Beauveria bassiana,Slovakia,pathogen,laboratory and field,,,cuticular contact,field-collected,,virulence test,"Barta et al., 2018",2018,full text,"Barta, M., Kautmanová, I., Čičková, H., Ferenčík, J., Florián, Š., Novotný, J., & Kozánek, M. (2018). The potential of Beauveria bassiana inoculum formulated into a polymeric matrix for a microbial control of spruce bark beetle. Biocontrol Science and Technology, 28(7), 718-735."
76,Ips typographus,Fungi,Beauveria bassiana,Bulgaria,pathogen,laboratory,,,cuticular contact,field-collected and laboratory cultivated,,virulence test,"Barta et al., 2020",2020,full text,"Barta, M., Takov, D., Pilarska, D., Doychev, D., & Horáková, M. K. (2020). Entomopathogenic fungi of the genus Beauveria and their pathogenicity to Ips typographus (Coleoptera: Curculionidae) in the Vitosha National Park, Bulgaria. Journal of Forest Science, 66(10), 420."
77,Ips typographus,Fungi,Beauveria caledonica,Bulgaria,pathogen,laboratory,,,cuticular contact,field-collected and laboratory cultivated,,virulence test,"Barta et al., 2020",2020,full text,"Barta, M., Takov, D., Pilarska, D., Doychev, D., & Horáková, M. K. (2020). Entomopathogenic fungi of the genus Beauveria and their pathogenicity to Ips typographus (Coleoptera: Curculionidae) in the Vitosha National Park, Bulgaria. Journal of Forest Science, 66(10), 420."
78,Dendroctonus micans,Fungi,Metarhizium anisopliae,Turkey,pathogen,laboratory,,morphological and molecular,cuticular contact,isolated from cadaver,,virulence test,"Biryol et al., 2024",2024,full text,"Biryol, S., Soydinç, A., & İşık, S. (2024). Morphological, molecular identification and virulence of entomopathogenic fungi isolated from Dendroctonus micans (Kugelann, 1794)(Coleoptera: Curculionidae). Sakarya University Journal of Science, 28(2), 381-391."
79,Dendroctonus micans,Fungi,Metarhizium robertsii,Turkey,pathogen,laboratory,,morphological and molecular,cuticular contact,isolated from cadaver,,virulence test,"Biryol et al., 2024",2024,full text,"Biryol, S., Soydinç, A., & İşık, S. (2024). Morphological, molecular identification and virulence of entomopathogenic fungi isolated from Dendroctonus micans (Kugelann, 1794)(Coleoptera: Curculionidae). Sakarya University Journal of Science, 28(2), 381-391."
80,Dendroctonus micans,Fungi,Metarhizium pinghaense,Turkey,pathogen,laboratory,,morphological and molecular,cuticular contact,isolated from cadaver,,virulence test,"Biryol et al., 2024",2024,full text,"Biryol, S., Soydinç, A., & İşık, S. (2024). Morphological, molecular identification and virulence of entomopathogenic fungi isolated from Dendroctonus micans (Kugelann, 1794)(Coleoptera: Curculionidae). Sakarya University Journal of Science, 28(2), 381-391."
81,Dendroctonus micans,Fungi,Clonostachys rosea,Turkey,pathogen,laboratory,,morphological and molecular,cuticular contact,isolated from cadaver,,virulence test,"Biryol et al., 2024",2024,full text,"Biryol, S., Soydinç, A., & İşık, S. (2024). Morphological, molecular identification and virulence of entomopathogenic fungi isolated from Dendroctonus micans (Kugelann, 1794)(Coleoptera: Curculionidae). Sakarya University Journal of Science, 28(2), 381-391."
82,Dendroctonus frontalis,Microsporidia,Unikaryon minutum,United States,parasite,,,,,isolated from infected beetle,,,"Bridges, 1987",1987,full text,"Bridges, J.R., 1987. Prevalence of Unikaryon minutum (Microsporidia: Nosematidae) infection in outbreak populations of the southern pine beetle (Coleoptera: Scolytidae). J. Invertebr. Pathol. 49, 334–335."
83,Hylastes ater,Fungi,Metarhizium flavoviride var. pemphigi,New Zealand,pathogen,laboratory,,morphological and molecular,,isolated from cadaver,,pathogenicity test on Tenebrio molitor,"Brownbridge et al., 2010",2010,full text,"Brownbridge, M., Reay, S.D., Cummings, N.J., 2010. Association of entomopathogenic fungi with exotic bark beetles in New Zealand pine plantations. Mycopathologia 169, 75–80."
84,Hylastes ater,Fungi,Hirsutella guignardii,New Zealand,pathogen,laboratory,,morphological and molecular,,isolated from cadaver,,pathogenicity test on Tenebrio molitor,"Brownbridge et al., 2010",2010,full text,"Brownbridge, M., Reay, S.D., Cummings, N.J., 2010. Association of entomopathogenic fungi with exotic bark beetles in New Zealand pine plantations. Mycopathologia 169, 75–80."
85,Ips typographus,Virus,ItEPV,Georgia,pathogen,,,morphological,epithelial cells of the gut,isolated from living or slowly moving beetle,,,"Burjanadze and Goginashvili, 2009",2009,full text,"Burjanadze, M., Goginashvili, N., 2009. Occurrence of pathogens and nematodes in the spruce bark beetle, Ips typographus (Col., Scolytidae) in Borjomi Gorge. Bull. Georgian Natl. Acad. Sci. 3, 145–150."
86,Ips typographus,Protist,Gregarina typographi,Georgia,pathogen,,,morphological,mid-gut lumen,isolated from living or slowly moving beetle,,,"Burjanadze and Goginashvili, 2009",2009,full text,"Burjanadze, M., Goginashvili, N., 2009. Occurrence of pathogens and nematodes in the spruce bark beetle, Ips typographus (Col., Scolytidae) in Borjomi Gorge. Bull. Georgian Natl. Acad. Sci. 3, 145–150."
87,Ips typographus,Microsporidia,Chytridiopsis typographi ,Georgia,pathogen,,,morphological,midgut epithelium,isolated from living or slowly moving beetle,,,"Burjanadze and Goginashvili, 2009",2009,full text,"Burjanadze, M., Goginashvili, N., 2009. Occurrence of pathogens and nematodes in the spruce bark beetle, Ips typographus (Col., Scolytidae) in Borjomi Gorge. Bull. Georgian Natl. Acad. Sci. 3, 145–150."
88,Ips typographus,Nematode,Contortylenchus diplogaster,Georgia,parasite,,,morphological,gut,isolated from living or slowly moving beetle,,,"Burjanadze and Goginashvili, 2009",2009,full text,"Burjanadze, M., Goginashvili, N., 2009. Occurrence of pathogens and nematodes in the spruce bark beetle, Ips typographus (Col., Scolytidae) in Borjomi Gorge. Bull. Georgian Natl. Acad. Sci. 3, 145–150."
89,Ips typographus,Nematode,Parasitorhabditis sp.,Georgia,parasite,,,morphological,gut,isolated from living or slowly moving beetle,,,"Burjanadze and Goginashvili, 2009",2009,full text,"Burjanadze, M., Goginashvili, N., 2009. Occurrence of pathogens and nematodes in the spruce bark beetle, Ips typographus (Col., Scolytidae) in Borjomi Gorge. Bull. Georgian Natl. Acad. Sci. 3, 145–150."
90,Ips typographus,Nematode,Bursaphelenchus sp.,Georgia,parasite,,,morphological,gut,isolated from living or slowly moving beetle,,,"Burjanadze and Goginashvili, 2009",2009,full text,"Burjanadze, M., Goginashvili, N., 2009. Occurrence of pathogens and nematodes in the spruce bark beetle, Ips typographus (Col., Scolytidae) in Borjomi Gorge. Bull. Georgian Natl. Acad. Sci. 3, 145–150."
91,Ips typographus,Microsporidia,Nosema sp.,Georgia,pathogen,,,morphological,fat body,isolated from living or slowly moving beetle,,,"Burjanadze and Goginashvili, 2009",2009,full text,"Burjanadze, M., Goginashvili, N., 2009. Occurrence of pathogens and nematodes in the spruce bark beetle, Ips typographus (Col., Scolytidae) in Borjomi Gorge. Bull. Georgian Natl. Acad. Sci. 3, 145–150."
92,Ips typographus,Protist,Gregarina typographi,Georgia,pathogen,,,,,,,,"Burjanadze et al., 2011",2011,only English abstract,"Burjanadze, M., Lortkipanidze, M., Supatashvili, A., Gorgadze, O., 2011. Occurrence of pathogens and nematodes of bark beetles (Coleoptera, Scolytidae) from coniferous forests in different region of Georgia. IOBC/wprs Bull. 66, 351–354."
93,Ips sexdentatus,Protist,Gregarina typographi,Georgia,pathogen,,,,,,,,"Burjanadze et al., 2011",2011,only English abstract,"Burjanadze, M., Lortkipanidze, M., Supatashvili, A., Gorgadze, O., 2011. Occurrence of pathogens and nematodes of bark beetles (Coleoptera, Scolytidae) from coniferous forests in different region of Georgia. IOBC/wprs Bull. 66, 351–354."
94,Ips typographus,Fungi,Chytridiopsis typographi,Georgia,pathogen,,,,,,,,"Burjanadze et al., 2011",2011,only English abstract,"Burjanadze, M., Lortkipanidze, M., Supatashvili, A., Gorgadze, O., 2011. Occurrence of pathogens and nematodes of bark beetles (Coleoptera, Scolytidae) from coniferous forests in different region of Georgia. IOBC/wprs Bull. 66, 351–354."
95,Tomicus piniperda,Fungi,Chytridiopsis typographi,Georgia,pathogen,,,,,,,,"Burjanadze et al., 2011",2011,only English abstract,"Burjanadze, M., Lortkipanidze, M., Supatashvili, A., Gorgadze, O., 2011. Occurrence of pathogens and nematodes of bark beetles (Coleoptera, Scolytidae) from coniferous forests in different region of Georgia. IOBC/wprs Bull. 66, 351–354."
96,Ips typographus,Protist,Menzbieria sp.,Georgia,pathogen,,,,,,,,"Burjanadze et al., 2011",2011,only English abstract,"Burjanadze, M., Lortkipanidze, M., Supatashvili, A., Gorgadze, O., 2011. Occurrence of pathogens and nematodes of bark beetles (Coleoptera, Scolytidae) from coniferous forests in different region of Georgia. IOBC/wprs Bull. 66, 351–354."
97,Ips typographus,Nematode,Contortylenchus diplogaster,Georgia,parasite,,,,,,,,"Burjanadze et al., 2011",2011,only English abstract,"Burjanadze, M., Lortkipanidze, M., Supatashvili, A., Gorgadze, O., 2011. Occurrence of pathogens and nematodes of bark beetles (Coleoptera, Scolytidae) from coniferous forests in different region of Georgia. IOBC/wprs Bull. 66, 351–354."
98,Ips sexdentatus,Nematode,Contortylenchus pseudodiplogaster,Georgia,parasite,,,,,,,,"Burjanadze et al., 2011",2011,only English abstract,"Burjanadze, M., Lortkipanidze, M., Supatashvili, A., Gorgadze, O., 2011. Occurrence of pathogens and nematodes of bark beetles (Coleoptera, Scolytidae) from coniferous forests in different region of Georgia. IOBC/wprs Bull. 66, 351–354."
99,Ips typographus,Nematode,Bursaphelenchus teratospicularis,Georgia,,,,,,,,,"Burjanadze et al., 2012",2012,full text,"Burjanadze, M., Lortkipanidze, M., Gorgadze, O., 2012. Influence of ecological factors on the formation of nematode fauna of bark beetles (Coleoptera Scolytidae). Bull. Georgian Natl. Acad. Sci 6, 133–136."
100,Ips typographus,Nematode,Parasitorhabditis bicoloris,Georgia,,,,,,,,,"Burjanadze et al., 2012",2012,full text,"Burjanadze, M., Lortkipanidze, M., Gorgadze, O., 2012. Influence of ecological factors on the formation of nematode fauna of bark beetles (Coleoptera Scolytidae). Bull. Georgian Natl. Acad. Sci 6, 133–136."
101,Ips typographus,Nematode,Parasitaphelenchus bicoloris,Georgia,,,,,,,,,"Burjanadze et al., 2012",2012,full text,"Burjanadze, M., Lortkipanidze, M., Gorgadze, O., 2012. Influence of ecological factors on the formation of nematode fauna of bark beetles (Coleoptera Scolytidae). Bull. Georgian Natl. Acad. Sci 6, 133–136."
102,Ips typographus,Nematode,Cryptaphelenchus bicoloris,Georgia,,,,,,,,,"Burjanadze et al., 2012",2012,full text,"Burjanadze, M., Lortkipanidze, M., Gorgadze, O., 2012. Influence of ecological factors on the formation of nematode fauna of bark beetles (Coleoptera Scolytidae). Bull. Georgian Natl. Acad. Sci 6, 133–136."
103,Ips typographus,Nematode,Panagrolaimus scheucherae,Georgia,,,,,,,,,"Burjanadze et al., 2012",2012,full text,"Burjanadze, M., Lortkipanidze, M., Gorgadze, O., 2012. Influence of ecological factors on the formation of nematode fauna of bark beetles (Coleoptera Scolytidae). Bull. Georgian Natl. Acad. Sci 6, 133–136."
104,Ips typographus,Nematode,Parasitorhabditis obtusa,Georgia,,,,,,,,,"Burjanadze et al., 2012",2012,full text,"Burjanadze, M., Lortkipanidze, M., Gorgadze, O., 2012. Influence of ecological factors on the formation of nematode fauna of bark beetles (Coleoptera Scolytidae). Bull. Georgian Natl. Acad. Sci 6, 133–136."
105,Ips typographus,Nematode,Ektaphelenchus typographi,Georgia,,,,,,,,,"Burjanadze et al., 2012",2012,full text,"Burjanadze, M., Lortkipanidze, M., Gorgadze, O., 2012. Influence of ecological factors on the formation of nematode fauna of bark beetles (Coleoptera Scolytidae). Bull. Georgian Natl. Acad. Sci 6, 133–136."
106,Ips typographus,Nematode,Cryptaphelenchus macrogaster,Georgia,,,,,,,,,"Burjanadze et al., 2012",2012,full text,"Burjanadze, M., Lortkipanidze, M., Gorgadze, O., 2012. Influence of ecological factors on the formation of nematode fauna of bark beetles (Coleoptera Scolytidae). Bull. Georgian Natl. Acad. Sci 6, 133–136."
107,Ips typographus,Nematode,Bursaphelenchus eidmani,Georgia,,,,,,,,,"Burjanadze et al., 2012",2012,full text,"Burjanadze, M., Lortkipanidze, M., Gorgadze, O., 2012. Influence of ecological factors on the formation of nematode fauna of bark beetles (Coleoptera Scolytidae). Bull. Georgian Natl. Acad. Sci 6, 133–136."
108,Ips typographus,Nematode,Micoletzkya buetschlii,Georgia,,,,,,,,,"Burjanadze et al., 2012",2012,full text,"Burjanadze, M., Lortkipanidze, M., Gorgadze, O., 2012. Influence of ecological factors on the formation of nematode fauna of bark beetles (Coleoptera Scolytidae). Bull. Georgian Natl. Acad. Sci 6, 133–136."
109,Ips typographus,Fungi,Beauveria bassiana,Georgia,,,,,,,,,"Burjanadze, 2007",2007,,"Burjanadze, M. (2007). Entomopathogenic fungi found on Ips typographus in Georgia. IOBC WPRS BULLETIN, 30(1), 155."
110,Ips typographus,Fungi,Metarhizium sp.,Georgia,,,,,,,,,"Burjanadze, 2007",2007,,"Burjanadze, M. (2007). Entomopathogenic fungi found on Ips typographus in Georgia. IOBC WPRS BULLETIN, 30(1), 155."
111,Tomicus piniperda,Fungi,Beauveria bassiana,,pathogen,laboratory,,,cuticular contact,isolated from  beetle,,virulence test,"Burjanadze, 2010",2010,full text,"Burjanadze, M., 2010. Efficacy of Beauveria bassiana isolate against pine shoot beetle Tomicus piniperda L. (Coleoptera, Scolytidae) in laboratory. Bull. Georgian Natl. Acad. Sci. 4, 119–122."
112,Ips calligraphus,Bacteria,Bacillus thuringiensis,,,laboratory,,,gut,culture collection,,pathogenicity test; toxicity bioassay,"Cane et al., 1995",1995,full text,"Cane, J.H., Cox, H.E., Moar, W.J., 1995. Susceptibility of Ips calligraphus (Germar) and Dendroctonus frontalis (Zimmermann) (Coleoptera: Scolytidae) to coleopteran-active Bacillus thuringiensis, a Bacillus metabolite, and Avermectin B1. Can. Entomol. 127, 831–837."
113,Dendroctonus frontalis,Bacteria,Bacillus thuringiensis,,,laboratory,,,gut,culture collection,,pathogenicity test; toxicity bioassay,"Cane et al., 1995",1995,full text,"Cane, J.H., Cox, H.E., Moar, W.J., 1995. Susceptibility of Ips calligraphus (Germar) and Dendroctonus frontalis (Zimmermann) (Coleoptera: Scolytidae) to coleopteran-active Bacillus thuringiensis, a Bacillus metabolite, and Avermectin B1. Can. Entomol. 127, 831–837."
114,Dendroctonus ponderosae,Fungi,Beauveria bassiana,United States,,,,morphological and molecular,,isolated from beetle mouthpart,,,"Cardoza et al., 2009",2009,full text,"Cardoza, Y. J., Vasanthakumar, A., Suazo, A., & Raffa, K. F. (2009). Survey and phylogenetic analysis of culturable microbes in the oral secretions of three bark beetle species. Entomologia experimentalis et applicata, 131(2), 138-147."
115,Dendroctonus rufipennis,Fungi,Beauveria bassiana,United States,,,,morphological and molecular,,isolated from beetle mouthpart,,,"Cardoza et al., 2009",2009,full text,"Cardoza, Y. J., Vasanthakumar, A., Suazo, A., & Raffa, K. F. (2009). Survey and phylogenetic analysis of culturable microbes in the oral secretions of three bark beetle species. Entomologia experimentalis et applicata, 131(2), 138-147."
116,Xyleborus glabratus,Fungi,Beauveria bassiana,United States,pathogen,laboratory,,,cuticular contact,commercial strain,,virulence test,"Carrillo et al., 2015",2015,full text,"Carrillo, D., Dunlap, C. A., Avery, P. B., Navarrete, J., Duncan, R. E., Jackson, M. A., ... & Peña, J. E. (2015). Entomopathogenic fungi as biological control agents for the vector of the laurel wilt disease, the redbay ambrosia beetle, Xyleborus glabratus (Coleoptera: Curculionidae). Biological Control, 81, 44-50."
117,Xyleborus glabratus,Fungi,Isaria fumosorosea,United States,pathogen,laboratory,,,cuticular contact,isolated from Bemisia tabaci and commercial strain,,pathogenicity test,"Carrillo et al., 2015",2015,full text,"Carrillo, D., Dunlap, C. A., Avery, P. B., Navarrete, J., Duncan, R. E., Jackson, M. A., ... & Peña, J. E. (2015). Entomopathogenic fungi as biological control agents for the vector of the laurel wilt disease, the redbay ambrosia beetle, Xyleborus glabratus (Coleoptera: Curculionidae). Biological Control, 81, 44-50."
118,Xyleborus affinis,Fungi,Beauveria bassiana,México,pathogen,laboratory,,,cuticular contact,coleoptera-isolated B. bassiana strains from the EPF collection,,pathogenicity test,"Castrejón-Antonio et al., 2020",2020,full text,"Castrejón-Antonio, J. E., Tamez-Guerra, P., Montesinos-Matías, R., Ek-Ramos, M. J., Garza-López, P. M., & Arredondo-Bernal, H. C. (2020). Selection of Beauveria bassiana (Hypocreales: Cordycipitaceae) strains to control Xyleborus affinis (Curculionidae: Scolytinae) females. PeerJ, 8, e9472."
119,Xyleborus affinis,Fungi,Beauveria bassiana,México,pathogen,laboratory,,,cuticular contact,culture collection,,pathogenicity test,"Castrejón-Antonio et al., 2023",2023,full text,"Castrejón-Antonio, J. E., Tamez-Guerra, P., García-Ortiz, N., Muñiz-Paredes, F., Sánchez-Rangel, J. C., & Montesinos-Matías, R. (2023). Biocontrol of Xyleborus affinis (Curculionidae: Scolitinae) females and progeny by Beauveria bassiana (Hypocreales: Cordycipitaceae) in a sawdust artificial diet model. Insects, 14(5), 477."
120,Xyleborus affinis,Fungi,Beauveria bassiana,,pathogen,laboratory,,,cuticular contact,culture collection,,pathogenicity test with inverted emulsion,"Castrejón-Antonio et al., 2025",2025,full text,"Castrejón-Antonio, J. E., Tamez-Guerra, P., Montesinos-Matías, R., Sánchez-Rangel, J. C., & Mendoza-Muñoz, N. (2025). Compatibility of Beauveria bassiana with Inverted Emulsions in Contaminated Surface Tests Against Xyleborus affinis1. Southwestern Entomologist, 50(1), 1-18."
121,Xylosandrus crassiusculus,Fungi,Beauveria bassiana,United States,pathogen,laboratory,,,cuticular contact,culture collection; commercial strain,,virulence test,"Castrillo et al., 2013",2013,full text,"Castrillo, L. A., Griggs, M. H., & Vandenberg, J. D. (2013). Granulate ambrosia beetle, Xylosandrus crassiusculus (Coleoptera: Curculionidae), survival and brood production following exposure to entomopathogenic and mycoparasitic fungi. Biological control, 67(2), 220-226."
122,Xylosandrus crassiusculus,Fungi,Metarhizium brunneum,United States,pathogen,laboratory,,,cuticular contact,culture collection; commercial strain,,virulence test,"Castrillo et al., 2013",2013,full text,"Castrillo, L. A., Griggs, M. H., & Vandenberg, J. D. (2013). Granulate ambrosia beetle, Xylosandrus crassiusculus (Coleoptera: Curculionidae), survival and brood production following exposure to entomopathogenic and mycoparasitic fungi. Biological control, 67(2), 220-226."
123,Xylosandrus germanus,Fungi,Beauveria bassiana,United States,pathogen,laboratory,,,cuticular contact,culture collection; commercial strain,,virulence test,"Castrillo et al., 2011",2011,full text,"Castrillo, L. A., Griggs, M. H., Ranger, C. M., Reding, M. E., & Vandenberg, J. D. (2011). Virulence of commercial strains of Beauveria bassiana and Metarhizium brunneum (Ascomycota: Hypocreales) against adult Xylosandrus germanus (Coleoptera: Curculionidae) and impact on brood. Biological Control, 58(2), 121-126."
124,Xylosandrus germanus,Fungi,Metarhizium brunneum,United States,pathogen,laboratory,,,cuticular contact,culture collection; commercial strain,,virulence test,"Castrillo et al., 2011",2011,full text,"Castrillo, L. A., Griggs, M. H., Ranger, C. M., Reding, M. E., & Vandenberg, J. D. (2011). Virulence of commercial strains of Beauveria bassiana and Metarhizium brunneum (Ascomycota: Hypocreales) against adult Xylosandrus germanus (Coleoptera: Curculionidae) and impact on brood. Biological Control, 58(2), 121-126."
125,Xylosandrus crassiusculus,Fungi,Beauveria bassiana,United States,pathogen,laboratory,,,cuticular contact,culture collection; commercial strain,,pathogenicity test,"Castrillo et al., 2016",2016,full text,"Castrillo, L. A., Griggs, M. H., & Vandenberg, J. D. (2016). Competition between biological control fungi and fungal symbionts of ambrosia beetles Xylosandrus crassiusculus and X. germanus (Coleoptera: Curculionidae): mycelial interactions and impact on beetle brood production. Biological Control, 103, 138-146."
126,Xylosandrus crassiusculus,Fungi,Metarhizium brunneum,United States,pathogen,laboratory,,,cuticular contact,culture collection; commercial strain,,pathogenicity test,"Castrillo et al., 2016",2016,full text,"Castrillo, L. A., Griggs, M. H., & Vandenberg, J. D. (2016). Competition between biological control fungi and fungal symbionts of ambrosia beetles Xylosandrus crassiusculus and X. germanus (Coleoptera: Curculionidae): mycelial interactions and impact on beetle brood production. Biological Control, 103, 138-146."
127,Xylosandrus germanus,Fungi,Beauveria bassiana,,pathogen,laboratory,,,cuticular contact,culture collection; commercial strain,,pathogenicity test,"Castrillo et al., 2016",2016,full text,"Castrillo, L. A., Griggs, M. H., & Vandenberg, J. D. (2016). Competition between biological control fungi and fungal symbionts of ambrosia beetles Xylosandrus crassiusculus and X. germanus (Coleoptera: Curculionidae): mycelial interactions and impact on beetle brood production. Biological Control, 103, 138-146."
128,Xylosandrus germanus,Fungi,Metarhizium brunneum,,pathogen,laboratory,,,cuticular contact,culture collection; commercial strain,,pathogenicity test,"Castrillo et al., 2016",2016,full text,"Castrillo, L. A., Griggs, M. H., & Vandenberg, J. D. (2016). Competition between biological control fungi and fungal symbionts of ambrosia beetles Xylosandrus crassiusculus and X. germanus (Coleoptera: Curculionidae): mycelial interactions and impact on beetle brood production. Biological Control, 103, 138-146."
129,Hypothenemus hampei,Fungi,Beauveria bassiana,United States,pathogen,,,morphological and molecular,,isolated from infected beetle,,,"Castrillo et al., 2020",2020,full text,"Castrillo, L. A., Wraight, S. P., Galaini-Wraight, S., Matsumoto, T. K., Howes, R. L., & Keith, L. M. (2020). Genetic diversity among naturally-occurring strains of Beauveria bassiana associated with the introduced coffee berry borer, Hypothenemus hampei,(Coleoptera: Curculionidae) on Hawai ‘i Island. Journal of invertebrate pathology, 175, 107456."
130,Euwallacea perbrevis,Fungi,Beauveria bassiana,,pathogen,laboratory,,,cuticular contact,culture collection; commercial strain,,,"Chavez et al., 2023",2023,full text,"Chavez, A. V., Duren, E. B., Avery, P. B., Pitino, M., Duncan, R. E., Cruz, L. F., ... & Cave, R. D. (2023). Evaluation of spore acquisition, spore production, and host survival time for tea shot-hole borer, Euwallacea perbrevis, adults after exposure to four commercial products containing Beauveria bassiana. Insects, 14(9), 726."
131,Hylesinus varius,Fungi,Paecilomyces variotii,,,,,,,,,,"Chararas, 1957",1957,,"Chararas C. 1957. Rev.Path.Veg.d’Ent.Agr.Fr. 36, 145-155; cit.: Postner, M. (1974): Scolytidae (=Ipidae), Borkenkäfer. In: Die Forstschädlinge Europas, Bd. 2.W. Schwenke (Ed), P. Parey."
132,Dryocoetes autographus,Fungi,Paecilomyces variotii,,,,,,,,,,"Chararas, 1962",1962,,"Chararas C. 1962. Encyclopedie Entomologique A, 38, Lechevalier, Paris; cit.: Postner, M. (1974): Scolytidae (=Ipidae), Borkenkäfer. In: Die Forstschädlinge Europas, Bd. 2. W. Schwenke (Ed), P. Parey."
133,Ips paraconfusus,Nematode,Parasitorhabditis sp.,United States,parasite,,,,gut,,,,"Choo et al., 1987",1987,full text,"Choo, H.Y., Kaya, H.K., Shea, P., Noffsinger, E.M., 1987. Ecological study of nematode parasitism in Ips beetles from California and Idaho. J. Nematol. 19, 495–502."
134,Ips paraconfusus,Nematode,Parasitaphelenchus sp.,United States,parasite,,,,hemocoel,,,,"Choo et al., 1987",1987,full text,"Choo, H.Y., Kaya, H.K., Shea, P., Noffsinger, E.M., 1987. Ecological study of nematode parasitism in Ips beetles from California and Idaho. J. Nematol. 19, 495–502."
135,Ips paraconfusus,Nematode,Contortylenchus elongatus,United States,parasite,,,,hemocoel,,,,"Choo et al., 1987",1987,full text,"Choo, H.Y., Kaya, H.K., Shea, P., Noffsinger, E.M., 1987. Ecological study of nematode parasitism in Ips beetles from California and Idaho. J. Nematol. 19, 495–502."
136,Ips paraconfusus,Nematode,Contortylenchus reversus,United States,parasite,,,,hemocoel,,,,"Choo et al., 1987",1987,full text,"Choo, H.Y., Kaya, H.K., Shea, P., Noffsinger, E.M., 1987. Ecological study of nematode parasitism in Ips beetles from California and Idaho. J. Nematol. 19, 495–502."
137,Ips paraconfusus,Nematode,Contortylenchus brevicomi,United States,parasite,,,,hemocoel,,,,"Choo et al., 1987",1987,full text,"Choo, H.Y., Kaya, H.K., Shea, P., Noffsinger, E.M., 1987. Ecological study of nematode parasitism in Ips beetles from California and Idaho. J. Nematol. 19, 495–502."
138,Ips pini,Nematode,Parasitaphelenchus sp.,United States,parasite,,,,hemocoel,,,,"Choo et al., 1987",1987,full text,"Choo, H.Y., Kaya, H.K., Shea, P., Noffsinger, E.M., 1987. Ecological study of nematode parasitism in Ips beetles from California and Idaho. J. Nematol. 19, 495–502."
139,Ips pini,Nematode,Contortylenchus reversus,United States,parasite,,,,hemocoel,,,,"Choo et al., 1987",1987,full text,"Choo, H.Y., Kaya, H.K., Shea, P., Noffsinger, E.M., 1987. Ecological study of nematode parasitism in Ips beetles from California and Idaho. J. Nematol. 19, 495–502."
140,Ips pini,Nematode,Contortylenchus sp1.,United States,parasite,,,,hemocoel,,,,"Choo et al., 1987",1987,full text,"Choo, H.Y., Kaya, H.K., Shea, P., Noffsinger, E.M., 1987. Ecological study of nematode parasitism in Ips beetles from California and Idaho. J. Nematol. 19, 495–502."
141,Ips pini,Nematode,Contortylenchus sp2.,United States,parasite,,,,hemocoel,,,,"Choo et al., 1987",1987,full text,"Choo, H.Y., Kaya, H.K., Shea, P., Noffsinger, E.M., 1987. Ecological study of nematode parasitism in Ips beetles from California and Idaho. J. Nematol. 19, 495–502."
142,Ips pini,Nematode,Parasitylenchus ovarius,United States,parasite,,,,hemocoel,,,,"Choo et al., 1987",1987,full text,"Choo, H.Y., Kaya, H.K., Shea, P., Noffsinger, E.M., 1987. Ecological study of nematode parasitism in Ips beetles from California and Idaho. J. Nematol. 19, 495–502."
143,Dendroctonus rufipennis,Fungi,Beauveria bassiana,United States,parasite,laboratory and field,,morphological,cuticular contact,isolated from  beetle,,pathogenicity test,"Davis et al., 2018",2018,full text,"Davis, T. S., Mann, A. J., Malesky, D., Jankowski, E., & Bradley, C. (2018). Laboratory and field evaluation of the entomopathogenic fungus Beauveria bassiana (Deuteromycotina: Hyphomycetes) for population management of spruce beetle, Dendroctonus rufipennis (Coleoptera: Scolytinae), in felled trees and factors limiting pathogen success. Environmental entomology, 47(3), 594-602."
144,Dendroctonus rufipennis,Fungi,Beauveria bassiana,United States,,,,,,isolated from  beetle,,,"Davis et al., 2019",2019,full text,"Davis, T. S., Stewart, J. E., Mann, A., Bradley, C., & Hofstetter, R. W. (2019). Evidence for multiple ecological roles of Leptographium abietinum, a symbiotic fungus associated with the North American spruce beetle. Fungal Ecology, 38, 62-70."
145,Hylurgus ligniperda,Fungi,Isaria farinosa,Ukraine,,,,,,isolated from  beetle,,,"Davydenko et al., 2014",2014,full text,"Davydenko, K., Vasaitis, R., Meshkova, V., & Menkis, A. (2014). Fungi associated with the red-haired bark beetle, Hylurgus ligniperda (Coleoptera: Curculionidae) in the forest-steppe zone in eastern Ukraine. European Journal of Entomology, 111(4), 561."
146,Hylurgus ligniperda,Fungi,Beauveria bassiana,Ukraine,,,,,,isolated from  beetle,,,"Davydenko et al., 2014",2014,full text,"Davydenko, K., Vasaitis, R., Meshkova, V., & Menkis, A. (2014). Fungi associated with the red-haired bark beetle, Hylurgus ligniperda (Coleoptera: Curculionidae) in the forest-steppe zone in eastern Ukraine. European Journal of Entomology, 111(4), 561."
147,Ips duplicatus,Fungi,Beauveria bassiana,Romania,pathogen,laboratory,,,cuticular contact,isolated from infected beetle,,pathogenicity test,"Dinu et al., 2012",2012,full text,"Dinu, M. M., Lupăştean, D., Cardaş, G., & Andrei, A. M. (2012). New Beauveria bassiana (Bals.) Vuill. isolate from Ips duplicatus (Sahlberg). Romanian Journal of Plant Protection, 5, 12-15."
148,Scolytus multistriatus,Fungi,Beauveria bassiana,United States,,laboratory,,,pathogenicity test,pathogen; isolated from  beetle,,morphological,"Doane, 1959",1959,full text,"Doane C.C. 1959. Beauveria bassiana as a pathogen of Scolytus multistriatus. Annals Entomological Society of America 52, 109-11."
149,Scolytus multistriatus,Bacteria,Serratia marcescens,,,,,,pathogenicity test,pathogen,,,"Doane, 1960",1960,full text,"Doane C.C. 1960. Bacterial Pathogens of Scolytus multistriatus Marsham as related to crowding. Journal of Insect Pathology 2, 24.29."
150,Scolytus multistriatus,Bacteria,Aerobacter scolyti,,,,,,pathogenicity test,pathogen,,,"Doane, 1960",1960,full text,"Doane C.C. 1960. Bacterial Pathogens of Scolytus multistriatus Marsham as related to crowding. Journal of Insect Pathology 2, 24.29."
151,Scolytus multistriatus,Bacteria,Escherichia klebsiellaeformis,,,,,,pathogenicity test,pathogen,,,"Doane, 1960",1960,full text,"Doane C.C. 1960. Bacterial Pathogens of Scolytus multistriatus Marsham as related to crowding. Journal of Insect Pathology 2, 24.29."
152,Scolytus scolytus,Fungi,Beauveria bassiana,England,,laboratory,,,pathogenicity test,,,,"Doberski, 1981a",1981,full text,"Doberski J.W. 1981. Comparative laboratory studies on three fungal pathogens of the elm bark beetle, Scolytus scolytus: Pathogenicity of Beauveria bassiana, Metarhizium anisopliae, and Paecilomyces farinosus to larvae and adults of S. scolytus. Journal of Invertebrate Pathology 37, 188-94."
153,Scolytus scolytus,Fungi,Metarhizium anisopliae,England,,laboratory,,,pathogenicity test,,,,"Doberski, 1981a",1981,full text,"Doberski J.W. 1981. Comparative laboratory studies on three fungal pathogens of the elm bark beetle, Scolytus scolytus: Pathogenicity of Beauveria bassiana, Metarhizium anisopliae, and Paecilomyces farinosus to larvae and adults of S. scolytus. Journal of Invertebrate Pathology 37, 188-94."
154,Scolytus scolytus,Fungi,Paecilomyces farinosus,England,,laboratory,,,pathogenicity test,,,,"Doberski, 1981a",1981,full text,"Doberski J.W. 1981. Comparative laboratory studies on three fungal pathogens of the elm bark beetle, Scolytus scolytus: Pathogenicity of Beauveria bassiana, Metarhizium anisopliae, and Paecilomyces farinosus to larvae and adults of S. scolytus. Journal of Invertebrate Pathology 37, 188-94."
155,Scolytus scolytus,Fungi,Beauveria bassiana,England,,laboratory,,,pathogenicity test,,,,"Doberski, 1981b",1981,full text,"Doberski J.W. 1981. Comparative laboratory studies on three fungal pathogens of the elm bark beetle, Scolytus scolytus: effects of temperature and humidity on infection by Beauveria bassiana, Metarhizium anisopliae, and Paecilomyces farinosus. Journal of Invertebrate Pathology 37, 195-200."
156,Scolytus scolytus,Fungi,Metarhizium anisopliae,England,,laboratory,,,pathogenicity test,,,,"Doberski, 1981b",1981,full text,"Doberski J.W. 1981. Comparative laboratory studies on three fungal pathogens of the elm bark beetle, Scolytus scolytus: effects of temperature and humidity on infection by Beauveria bassiana, Metarhizium anisopliae, and Paecilomyces farinosus. Journal of Invertebrate Pathology 37, 195-200."
157,Scolytus scolytus,Fungi,Paecilomyces farinosus,England,,laboratory,,,pathogenicity test,,,,"Doberski, 1981b",1981,full text,"Doberski J.W. 1981. Comparative laboratory studies on three fungal pathogens of the elm bark beetle, Scolytus scolytus: effects of temperature and humidity on infection by Beauveria bassiana, Metarhizium anisopliae, and Paecilomyces farinosus. Journal of Invertebrate Pathology 37, 195-200."
158,Dryocoetes autographus,Fungi,Beauveria bassiana,Bulgaria,,,,,,isolated from cadaver,,morphological,"Draganova et al., 2010",2010,full text,"Draganova, S. A., Takov, D. I., & Doychev, D. D. (2010). Naturally-occurring entomopathogenic fungi on three bark beetle species (Coleoptera: Curculionidae) in Bulgaria. Pesticidi i fitomedicina, 25(1), 59-63."
159,Ips sexdentatus,Fungi,Beauveria bassiana,Bulgaria,,,,,,isolated from cadaver,,morphological,"Draganova et al., 2010",2010,full text,"Draganova, S. A., Takov, D. I., & Doychev, D. D. (2010). Naturally-occurring entomopathogenic fungi on three bark beetle species (Coleoptera: Curculionidae) in Bulgaria. Pesticidi i fitomedicina, 25(1), 59-63."
160,Ips typographus,Fungi,Beauveria bassiana,Bulgaria,,,,,,isolated from cadaver,,morphological,"Draganova et al., 2010",2010,full text,"Draganova, S. A., Takov, D. I., & Doychev, D. D. (2010). Naturally-occurring entomopathogenic fungi on three bark beetle species (Coleoptera: Curculionidae) in Bulgaria. Pesticidi i fitomedicina, 25(1), 59-63."
161,Ips typographus,Fungi,Beauveria brongniartii,Bulgaria,,,,,,isolated from cadaver,,morphological,"Draganova et al., 2010",2010,full text,"Draganova, S. A., Takov, D. I., & Doychev, D. D. (2010). Naturally-occurring entomopathogenic fungi on three bark beetle species (Coleoptera: Curculionidae) in Bulgaria. Pesticidi i fitomedicina, 25(1), 59-63."
162,Ips sexdentatus,Fungi,Isaria farinosa,Bulgaria,,,,,,isolated from cadaver,,morphological,"Draganova et al., 2010",2010,full text,"Draganova, S. A., Takov, D. I., & Doychev, D. D. (2010). Naturally-occurring entomopathogenic fungi on three bark beetle species (Coleoptera: Curculionidae) in Bulgaria. Pesticidi i fitomedicina, 25(1), 59-63."
163,Hylurgops palliatus,Fungi,Beauveria bassiana,Bulgaria,,,,,,,,,"Draganova et al., 2011",2011,full text,"Draganova, S., Pilarska, D., Takov, D., & Doychev, D. (2011). Utilization of carbohydrates by Beauveria bassiana isolates obtained from forest pests. Journal of Plant Protection Research."
164,Ips typographus,Fungi,Beauveria bassiana,Bulgaria,,,,,,,,,"Draganova et al., 2011",2011,full text,"Draganova, S., Pilarska, D., Takov, D., & Doychev, D. (2011). Utilization of carbohydrates by Beauveria bassiana isolates obtained from forest pests. Journal of Plant Protection Research."
165,Ips sexdentatus,Fungi,Beauveria bassiana,Bulgaria,,,,,,,,,"Draganova et al., 2011",2011,full text,"Draganova, S., Pilarska, D., Takov, D., & Doychev, D. (2011). Utilization of carbohydrates by Beauveria bassiana isolates obtained from forest pests. Journal of Plant Protection Research."
166,Dryocoetes autographus,Fungi,Beauveria bassiana,Bulgaria,,,,,,,,,"Draganova et al., 2011",2011,full text,"Draganova, S., Pilarska, D., Takov, D., & Doychev, D. (2011). Utilization of carbohydrates by Beauveria bassiana isolates obtained from forest pests. Journal of Plant Protection Research."
167,Hylastes ater,Fungi,Beauveria bassiana,,pathogen,laboratory,,,cuticular contact,,,pathogenicity test,"Reay et al., 2008",2008,full text,"Reay, S. D., Brownbridge, M., Cummings, N. J., Nelson, T. L., Souffre, B., Lignon, C., & Glare, T. R. (2008). Isolation and characterization of Beauveria spp. associated with exotic bark beetles in New Zealand Pinus radiata plantation forests. Biological Control, 46(3), 484-494."
168,Hylastes ater,Fungi,Beauveria caledonica,,pathogen,laboratory,,,cuticular contact,,,pathogenicity test,"Reay et al., 2008",2008,full text,"Reay, S. D., Brownbridge, M., Cummings, N. J., Nelson, T. L., Souffre, B., Lignon, C., & Glare, T. R. (2008). Isolation and characterization of Beauveria spp. associated with exotic bark beetles in New Zealand Pinus radiata plantation forests. Biological Control, 46(3), 484-494."
169,Hylastes ater,Fungi,Beauveria malawiensis,,pathogen,laboratory,,,cuticular contact,,,pathogenicity test,"Reay et al., 2008",2008,full text,"Reay, S. D., Brownbridge, M., Cummings, N. J., Nelson, T. L., Souffre, B., Lignon, C., & Glare, T. R. (2008). Isolation and characterization of Beauveria spp. associated with exotic bark beetles in New Zealand Pinus radiata plantation forests. Biological Control, 46(3), 484-494."
170,Hylurgus ligniperda,Fungi,Beauveria bassiana,,pathogen,laboratory,,,cuticular contact,,,pathogenicity test,"Reay et al., 2008",2008,full text,"Reay, S. D., Brownbridge, M., Cummings, N. J., Nelson, T. L., Souffre, B., Lignon, C., & Glare, T. R. (2008). Isolation and characterization of Beauveria spp. associated with exotic bark beetles in New Zealand Pinus radiata plantation forests. Biological Control, 46(3), 484-494."
171,Hylurgus ligniperda,Fungi,Beauveria caledonica,,pathogen,laboratory,,,cuticular contact,,,pathogenicity test,"Reay et al., 2008",2008,full text,"Reay, S. D., Brownbridge, M., Cummings, N. J., Nelson, T. L., Souffre, B., Lignon, C., & Glare, T. R. (2008). Isolation and characterization of Beauveria spp. associated with exotic bark beetles in New Zealand Pinus radiata plantation forests. Biological Control, 46(3), 484-494."
172,Hylurgus ligniperda,Fungi,Beauveria malawiensis,,pathogen,laboratory,,,cuticular contact,,,pathogenicity test,"Reay et al., 2008",2008,full text,"Reay, S. D., Brownbridge, M., Cummings, N. J., Nelson, T. L., Souffre, B., Lignon, C., & Glare, T. R. (2008). Isolation and characterization of Beauveria spp. associated with exotic bark beetles in New Zealand Pinus radiata plantation forests. Biological Control, 46(3), 484-494."
173,Ips typographus,Fungi,Beauveria bassiana,Bulgaria,pathogen,laboratory and field,,,cuticular contact,culture collection; isolated from cadaver,,pathogenicity test,"Draganova et al., 2017",2017,full text,"Draganova, S. A., Doychev, D. D., Pilarska, D. K., & Takov, D. I. (2017). Bioassays of entomopathogenic fungi against xylophagous insects in Bulgaria: laboratory and field experiments. Acta Zool. Bulg, 69, 411-419."
174,Ips typographus,Fungi,Metarhizium anisopliae,Bulgaria,pathogen,laboratory and field,,,cuticular contact,culture collection; isolated from cadaver,,pathogenicity test,"Draganova et al., 2017",2017,full text,"Draganova, S. A., Doychev, D. D., Pilarska, D. K., & Takov, D. I. (2017). Bioassays of entomopathogenic fungi against xylophagous insects in Bulgaria: laboratory and field experiments. Acta Zool. Bulg, 69, 411-419."
175,Tomicus piniperda,Fungi,Beauveria bassiana,China,pathogen,,,,,,,pathogenicity test; toxicity bioassay,"Du et al., 2014",2014,full text,Toxicity test of several strains of Beauveria bassiana against Tomicus piniperda
176,Dendroctonus armandi,Virus,Entomopoxvirus,China,,,,,,,,,"Fan et al., 1988",1988,full text,"Fan, M.; C. Kuo & X. Lu 1988. Tentative study on entomopoxvirus of Dendroctonus armandi Tsai et Li. Journal Disinsectional Microorganism 1, 140-41."
177,Scolytus schevyrewi,Fungi,Beauveria bassiana,China,pathogen,,,,cuticular contact,,,virulence test,"Fan et al., 2014",2014,full text,Screening of highly virulent strains of fungi entomopathogenic to Scolytus schevyrewi Semenov
178,Scolytus schevyrewi,Fungi,Metarhizium anisopliae,China,pathogen,,,,cuticular contact,,,virulence test,"Fan et al., 2014",2014,full text,Screening of highly virulent strains of fungi entomopathogenic to Scolytus schevyrewi Semenov
179,Scolytus schevyrewi,Fungi,Paecilomyces cateni,China,pathogen,,,,cuticular contact,,,virulence test,"Fan et al., 2014",2014,full text,Screening of highly virulent strains of fungi entomopathogenic to Scolytus schevyrewi Semenov
180,Ips typographus,Fungi,Beauveria bassiana,Romania,pathogen,laboratory,,,cuticular contact,,,pathogenicity test,"Fora et al., 2022",2022,full text,"Fora, C. G., Boja, N., Moatăr, M., Tóth, F., & Balog, A. (2022). Effect of entomopathogenic fungi, Beauveria bassiana (Cordycipitaceae), on the bark beetle, Ips typographus (L.), under field conditions. Insects, 13(10), 885."
181,Ips curvidens,Nematode,Tylenchus dispar curvidentis,Germany,,,,,,,,,"Fuchs, 1914a",1914,,"Fuchs, G., 1914a. Tylenchus dispar curvidentis m. und Tylenchus dispar cryphali m. Zool. Anz. 45, 195–207."
182,Cryphalus piceae,Nematode,Tylenchus dispar cryphali,Germany,,,,,,,,,"Fuchs, 1914a",1914,,"Fuchs, G., 1914a. Tylenchus dispar curvidentis m. und Tylenchus dispar cryphali m. Zool. Anz. 45, 195–207."
183,Ips typographus,Nematode,Tylenchus dispar curvidentis,Germany,parasite,,,,,,,,"Fuchs, 1915",1915,,"Fuchs G. 1915. Die Naturgeschichte der Nematoden und einiger anderer Parasiten 1. des Ips typographus L. 2. des Hylobius abietis L. Zoologische Jahrbücher, Abteilung für Systematik 38, 109-222."
184,Ips typographus,Nematode,Tylenchus contortus typographi,Germany,parasite,,,,,,,,"Fuchs, 1915",1915,,"Fuchs G. 1915. Die Naturgeschichte der Nematoden und einiger anderer Parasiten 1. des Ips typographus L. 2. des Hylobius abietis L. Zoologische Jahrbücher, Abteilung für Systematik 38, 109-222."
185,Ips typographus,Nematode,Rhabditis obtusa,Germany,parasite,,,,,,,,"Fuchs, 1915",1915,,"Fuchs G. 1915. Die Naturgeschichte der Nematoden und einiger anderer Parasiten 1. des Ips typographus L. 2. des Hylobius abietis L. Zoologische Jahrbücher, Abteilung für Systematik 38, 109-222."
186,Ips typographus,Nematode,Diplogaster hütchlii,Germany,parasite,,,,,,,,"Fuchs, 1915",1915,,"Fuchs G. 1915. Die Naturgeschichte der Nematoden und einiger anderer Parasiten 1. des Ips typographus L. 2. des Hylobius abietis L. Zoologische Jahrbücher, Abteilung für Systematik 38, 109-222."
187,Ips typographus,Nematode,Tylenchus major,Germany,parasite,,,,,,,,"Fuchs, 1915",1915,,"Fuchs G. 1915. Die Naturgeschichte der Nematoden und einiger anderer Parasiten 1. des Ips typographus L. 2. des Hylobius abietis L. Zoologische Jahrbücher, Abteilung für Systematik 38, 109-222."
188,Ips typographus,Nematode,Tylenchus macrogaster,Germany,parasite,,,,,,,,"Fuchs, 1915",1915,,"Fuchs G. 1915. Die Naturgeschichte der Nematoden und einiger anderer Parasiten 1. des Ips typographus L. 2. des Hylobius abietis L. Zoologische Jahrbücher, Abteilung für Systematik 38, 109-222."
189,Ips typographus,Nematode,Rhabditolaimus halleri,Germany,parasite,,,,,,,,"Fuchs, 1915",1915,,"Fuchs G. 1915. Die Naturgeschichte der Nematoden und einiger anderer Parasiten 1. des Ips typographus L. 2. des Hylobius abietis L. Zoologische Jahrbücher, Abteilung für Systematik 38, 109-222."
190,Ips typographus,Protist,Gregarina typographi,Germany,parasite,,,,gut,,,,"Fuchs, 1915",1915,,"Fuchs G. 1915. Die Naturgeschichte der Nematoden und einiger anderer Parasiten 1. des Ips typographus L. 2. des Hylobius abietis L. Zoologische Jahrbücher, Abteilung für Systematik 38, 109-222."
191,Ips typographus,Protist,Telosporidium typographi,Germany,parasite,,,,,,,,"Fuchs, 1915",1915,,"Fuchs G. 1915. Die Naturgeschichte der Nematoden und einiger anderer Parasiten 1. des Ips typographus L. 2. des Hylobius abietis L. Zoologische Jahrbücher, Abteilung für Systematik 38, 109-222."
192,Ips typographus,Protist,Diplochis omnivorus,Germany,parasite,,,,,,,,"Fuchs, 1915",1915,,"Fuchs G. 1915. Die Naturgeschichte der Nematoden und einiger anderer Parasiten 1. des Ips typographus L. 2. des Hylobius abietis L. Zoologische Jahrbücher, Abteilung für Systematik 38, 109-222."
193,Ips typographus,Virus,ItEPV,,,,,,,,,,"Gasperl, 2002",2002,non full-text ,"Gasperl H. 2002. Grundlegende Erhebungen zum Borkenkäferauftreten an Fichten-Fangbäumen und zum Pathogenauftreten in Borkenkäfern aus dem geplanten Nationalpark Gesäuse. Diploma thesis, Universität für Bodenkultur Wien."
194,Hylastes ater,Fungi,Beauveria caledonica,New Zealand,,,,,,isolated from cadaver,,,"Glare et al., 2008",2008,full text,"Glare, T. R., Reay, S. D., Nelson, T. L., & Moore, R. (2008). Beauveria caledonica is a naturally occurring pathogen of forest beetles. Mycological Research, 112(3), 352-360."
195,Hylurgus ligniperda,Fungi,Beauveria caledonica,New Zealand,,laboratory,,,,isolated from cadaver,,pathogenicity test,"Glare et al., 2008",2008,,"Glare, T. R., Reay, S. D., Nelson, T. L., & Moore, R. (2008). Beauveria caledonica is a naturally occurring pathogen of forest beetles. Mycological Research, 112(3), 352-360."
196,Ips typographus,Virus,ItEPV,Turkey,,,,,,,,,"Gokturk et al., 2010",2010,non full-text ,"Gokturk, T., Burjanadze, M., Aksu, Y., Supatashvili, A., 2010. Nature enemies—predators, pathogens and parasitic nematodes of bark beetles in Hatila Valley National Park of Turkey. Proc. Georgian Acad. Sci., Biol. Ser. Bull. Am. Meteorol. Soc. 8, 59–71."
197,Ips subelongatus,Fungi,Beauveria bassiana,,,,,,,,,,"Gusteleva, 1980",1980,,"Gusteleva, L.A., 1980. Beauveria bassiana (Bals) Vuill preparation effect on Ips subelongatus Motsch. Leatsch results of the test. Izvestiya Sibirskogo Otdeleniya Akademii Nauk Sssr Seriya Biologicheskikh Nauk 1980, 49–54."
198,Ips subelongatus,Bacteria,Bacillus thuringiensis var. insectus,,,,,,,,,pathogenicity test,"Gusteleva, 1982a",1982,only English abstract,"Gusteleva L.A. 1982a. Prospects for using microbial preparations against Ips subelongatus. Lesnoe Khozyaistvo 9, 67."
199,Ips subelongatus,Fungi,Beauveria bassiana,,,,,,,,,pathogenicity test,"Gusteleva, 1982a",1982,only English abstract,"Gusteleva L.A. 1982a. Prospects for using microbial preparations against Ips subelongatus. Lesnoe Khozyaistvo 9, 67."
200,Ips subelongatus,Fungi,Beauveria bassiana,,,,,,,,,pathogenicity test,"Gusteleva, 1982b",1982,only English abstract,"Gusteleva L.A. 1982b. The interaction of wood decomposing insects with microorganisms. In: Konsortivnye svyazi dereva i dendrofil nykh nasekomykh, ed.: A.S. Isaev, 56-67."
201,Ips subelongatus,Fungi,Beauveria bassiana,,,,,,,,,,"Gusteleva, 1984",1984,,"Gusteleva L.A. 1984. Virulence of Beauveria bassiana (Bals.) Vuill to the larvae of the bark beetle Ips subelongatus Motsch. (Coleoptera, Scolytidae). Revue d’Entomologie de l’Urss 63, 40-42."
202,Ips typographus,Virus,ItEPV,,,,,,,,,,"Haidler et al., 1998",1998,non full-text ,"Haidler B. 1998. Pathogene und Parasiten von ichtenborkenkäfern in einem Fichtenbestand am Achner Kogel bei Tamsweg. Diploma thesis, Formal- und Naturwissenschaftliche Fakultät der niversität Wien."
203,Ips typographus,Virus,ItEPV,Austria,pathogen,,,morphological,,evaluation of pathogen infections of all emerged beetles,,,"Haidler et al., 2003",2003,full text,"Haidler, B.,Wegensteiner, R., Weiser, J., 2003. Occurrence of microsporidia and other pathogens in associated living spruce bark beetles (Coleoptera: Scolytidae) in an Austrian forest. IOBC/wprs Bull. 26, 257–260."
204,Ips typographus,Protist,Malamoeba scolyti,Austria,pathogen,,,morphological,,evaluation of pathogen infections of all emerged beetles,,,"Haidler et al., 2003",2003,full text,"Haidler, B.,Wegensteiner, R., Weiser, J., 2003. Occurrence of microsporidia and other pathogens in associated living spruce bark beetles (Coleoptera: Scolytidae) in an Austrian forest. IOBC/wprs Bull. 26, 257–260."
205,Ips typographus,Microsporidia,Gregarina sp.,Austria,pathogen,,,morphological,,evaluation of pathogen infections of all emerged beetles,,,"Haidler et al., 2003",2003,full text,"Haidler, B.,Wegensteiner, R., Weiser, J., 2003. Occurrence of microsporidia and other pathogens in associated living spruce bark beetles (Coleoptera: Scolytidae) in an Austrian forest. IOBC/wprs Bull. 26, 257–260."
206,Ips typographus,Microsporidia,Chytridiopsis cf. typographi,Austria,pathogen,,,morphological,,evaluation of pathogen infections of all emerged beetles,,,"Haidler et al., 2003",2003,full text,"Haidler, B.,Wegensteiner, R., Weiser, J., 2003. Occurrence of microsporidia and other pathogens in associated living spruce bark beetles (Coleoptera: Scolytidae) in an Austrian forest. IOBC/wprs Bull. 26, 257–260."
207,Hylastes cunicularius,Protist,Gregarina sp.,Austria,pathogen,,,morphological,,evaluation of pathogen infections of all emerged beetles,,,"Haidler et al., 2003",2003,full text,"Haidler, B.,Wegensteiner, R., Weiser, J., 2003. Occurrence of microsporidia and other pathogens in associated living spruce bark beetles (Coleoptera: Scolytidae) in an Austrian forest. IOBC/wprs Bull. 26, 257–260."
208,Hylastes cunicularius,Microsporidia,Chytridiopsis cf. typographi,Austria,pathogen,,,morphological,,evaluation of pathogen infections of all emerged beetles,,,"Haidler et al., 2003",2003,full text,"Haidler, B.,Wegensteiner, R., Weiser, J., 2003. Occurrence of microsporidia and other pathogens in associated living spruce bark beetles (Coleoptera: Scolytidae) in an Austrian forest. IOBC/wprs Bull. 26, 257–260."
209,Hylastes cunicularius,Microsporidia,unidentified microsporidia,Austria,pathogen,,,morphological,,evaluation of pathogen infections of all emerged beetles,,,"Haidler et al., 2003",2003,full text,"Haidler, B.,Wegensteiner, R., Weiser, J., 2003. Occurrence of microsporidia and other pathogens in associated living spruce bark beetles (Coleoptera: Scolytidae) in an Austrian forest. IOBC/wprs Bull. 26, 257–260."
210,Hylurgops glabratus,Microsporidia,Malamoeba scolyti,Austria,pathogen,,,morphological,,evaluation of pathogen infections of all emerged beetles,,,"Haidler et al., 2003",2003,full text,"Haidler, B.,Wegensteiner, R., Weiser, J., 2003. Occurrence of microsporidia and other pathogens in associated living spruce bark beetles (Coleoptera: Scolytidae) in an Austrian forest. IOBC/wprs Bull. 26, 257–260."
211,Hylurgops glabratus,Protist,Gregarina sp.,Austria,pathogen,,,morphological,,evaluation of pathogen infections of all emerged beetles,,,"Haidler et al., 2003",2003,full text,"Haidler, B.,Wegensteiner, R., Weiser, J., 2003. Occurrence of microsporidia and other pathogens in associated living spruce bark beetles (Coleoptera: Scolytidae) in an Austrian forest. IOBC/wprs Bull. 26, 257–260."
212,Hylurgops glabratus,Microsporidia,Chytridiopsis cf. typographi,Austria,pathogen,,,morphological,,evaluation of pathogen infections of all emerged beetles,,,"Haidler et al., 2003",2003,full text,"Haidler, B.,Wegensteiner, R., Weiser, J., 2003. Occurrence of microsporidia and other pathogens in associated living spruce bark beetles (Coleoptera: Scolytidae) in an Austrian forest. IOBC/wprs Bull. 26, 257–260."
213,Hylurgops glabratus,Microsporidia,unidentified microsporidia,Austria,pathogen,,,morphological,,evaluation of pathogen infections of all emerged beetles,,,"Haidler et al., 2003",2003,full text,"Haidler, B.,Wegensteiner, R., Weiser, J., 2003. Occurrence of microsporidia and other pathogens in associated living spruce bark beetles (Coleoptera: Scolytidae) in an Austrian forest. IOBC/wprs Bull. 26, 257–260."
214,Hylurgops palliatus,Microsporidia,unidentified microsporidia,Austria,pathogen,,,morphological,,evaluation of pathogen infections of all emerged beetles,,,"Haidler et al., 2003",2003,full text,"Haidler, B.,Wegensteiner, R., Weiser, J., 2003. Occurrence of microsporidia and other pathogens in associated living spruce bark beetles (Coleoptera: Scolytidae) in an Austrian forest. IOBC/wprs Bull. 26, 257–260."
215,Dryocoetes autographus,Microsporidia,Malamoeba scolyti,Austria,pathogen,,,morphological,,evaluation of pathogen infections of all emerged beetles,,,"Haidler et al., 2003",2003,full text,"Haidler, B.,Wegensteiner, R., Weiser, J., 2003. Occurrence of microsporidia and other pathogens in associated living spruce bark beetles (Coleoptera: Scolytidae) in an Austrian forest. IOBC/wprs Bull. 26, 257–260."
216,Dryocoetes autographus,Protist,Gregarina sp.,Austria,pathogen,,,morphological,,evaluation of pathogen infections of all emerged beetles,,,"Haidler et al., 2003",2003,full text,"Haidler, B.,Wegensteiner, R., Weiser, J., 2003. Occurrence of microsporidia and other pathogens in associated living spruce bark beetles (Coleoptera: Scolytidae) in an Austrian forest. IOBC/wprs Bull. 26, 257–260."
217,Dryocoetes autographus,Microsporidia,unidentified microsporidia,Austria,pathogen,,,morphological,,evaluation of pathogen infections of all emerged beetles,,,"Haidler et al., 2003",2003,full text,"Haidler, B.,Wegensteiner, R., Weiser, J., 2003. Occurrence of microsporidia and other pathogens in associated living spruce bark beetles (Coleoptera: Scolytidae) in an Austrian forest. IOBC/wprs Bull. 26, 257–260."
218,Pityophthorus pityographus,Microsporidia,Chytridiopsis cf. typographi,Austria,pathogen,,,morphological,,evaluation of pathogen infections of all emerged beetles,,,"Haidler et al., 2003",2003,full text,"Haidler, B.,Wegensteiner, R., Weiser, J., 2003. Occurrence of microsporidia and other pathogens in associated living spruce bark beetles (Coleoptera: Scolytidae) in an Austrian forest. IOBC/wprs Bull. 26, 257–260."
219,Pityogenes chalcographus,Protist,Gregarina sp.,Austria,pathogen,,,morphological,,evaluation of pathogen infections of all emerged beetles,,,"Haidler et al., 2003",2003,full text,"Haidler, B.,Wegensteiner, R., Weiser, J., 2003. Occurrence of microsporidia and other pathogens in associated living spruce bark beetles (Coleoptera: Scolytidae) in an Austrian forest. IOBC/wprs Bull. 26, 257–260."
220,Pityogenes chalcographus,Microsporidia,Chytridiopsis cf. typographi,Austria,pathogen,,,morphological,,evaluation of pathogen infections of all emerged beetles,,,"Haidler et al., 2003",2003,full text,"Haidler, B.,Wegensteiner, R., Weiser, J., 2003. Occurrence of microsporidia and other pathogens in associated living spruce bark beetles (Coleoptera: Scolytidae) in an Austrian forest. IOBC/wprs Bull. 26, 257–260."
221,Pityogenes chalcographus,Microsporidia,unidentified microsporidia,Austria,pathogen,,,morphological,,evaluation of pathogen infections of all emerged beetles,,,"Haidler et al., 2003",2003,full text,"Haidler, B.,Wegensteiner, R., Weiser, J., 2003. Occurrence of microsporidia and other pathogens in associated living spruce bark beetles (Coleoptera: Scolytidae) in an Austrian forest. IOBC/wprs Bull. 26, 257–260."
222,Ips amitinus,Protist,Gregarina sp.,Austria,pathogen,,,morphological,,evaluation of pathogen infections of all emerged beetles,,,"Haidler et al., 2003",2003,full text,"Haidler, B.,Wegensteiner, R., Weiser, J., 2003. Occurrence of microsporidia and other pathogens in associated living spruce bark beetles (Coleoptera: Scolytidae) in an Austrian forest. IOBC/wprs Bull. 26, 257–260."
223,Ips amitinus,Microsporidia,Chytridiopsis cf. typographi,Austria,pathogen,,,morphological,,evaluation of pathogen infections of all emerged beetles,,,"Haidler et al., 2003",2003,full text,"Haidler, B.,Wegensteiner, R., Weiser, J., 2003. Occurrence of microsporidia and other pathogens in associated living spruce bark beetles (Coleoptera: Scolytidae) in an Austrian forest. IOBC/wprs Bull. 26, 257–260."
224,Ips amitinus,Microsporidia,unidentified microsporidia,Austria,pathogen,,,morphological,,evaluation of pathogen infections of all emerged beetles,,,"Haidler et al., 2003",2003,full text,"Haidler, B.,Wegensteiner, R., Weiser, J., 2003. Occurrence of microsporidia and other pathogens in associated living spruce bark beetles (Coleoptera: Scolytidae) in an Austrian forest. IOBC/wprs Bull. 26, 257–260."
225,Ips typographus,Fungi,Beauveria bassiana,,,,,,,,,,"Hallet et al., 1994",1994,non full-text ,"Hallet S., J.C. Gregoire & J. Coremans-Pelseneer 1994. Prospects in the use of the entomopathogenous fungus Beauveria bassiana (Bals.) Vuill. (Deuteromycetes: Hyphomycetes) to control the spruce bark beetle Ips typographus L. (Coleoptera: Scolytidae). Mededelingen Faculteit Landbouwkundige en Toegepaste Biologische Wetenschappen Universiteit Gent 59, 379-83."
226,Ips amitinus,Protist,Gregarina typographi,Austria,pathogen,,,,,evaluation of pathogen infections of all emerged beetles,,,"Händel and Wegensteiner, 2005",2005,only English abstract,"Handel, U., Wegensteiner, R., 2005. Occurrence of pathogens in bark beetles (Coleoptera, Scolytidae) from Alpine pine (Pinus cembra L.). IOBC/wprs Bull 28, 155–158."
227,Ips amitinus,Microsporidia,Malamoeba scolyti,Austria,pathogen,,,,,evaluation of pathogen infections of all emerged beetles,,,"Händel and Wegensteiner, 2005",2005,only English abstract,"Handel, U., Wegensteiner, R., 2005. Occurrence of pathogens in bark beetles (Coleoptera, Scolytidae) from Alpine pine (Pinus cembra L.). IOBC/wprs Bull 28, 155–158."
228,Ips amitinus,Protist,Mattesia sp.,Austria,pathogen,,,,,evaluation of pathogen infections of all emerged beetles,,,"Händel and Wegensteiner, 2005",2005,only English abstract,"Handel, U., Wegensteiner, R., 2005. Occurrence of pathogens in bark beetles (Coleoptera, Scolytidae) from Alpine pine (Pinus cembra L.). IOBC/wprs Bull 28, 155–158."
229,Ips amitinus,Microsporidia,Chytridiopsis typographi,Austria,pathogen,,,,,evaluation of pathogen infections of all emerged beetles,,,"Händel and Wegensteiner, 2005",2005,only English abstract,"Handel, U., Wegensteiner, R., 2005. Occurrence of pathogens in bark beetles (Coleoptera, Scolytidae) from Alpine pine (Pinus cembra L.). IOBC/wprs Bull 28, 155–158."
230,Pityogenes conjunctus,Protist,Gregarina sp.,Austria,pathogen,,,,,evaluation of pathogen infections of all emerged beetles,,,"Händel and Wegensteiner, 2005",2005,only English abstract,"Handel, U., Wegensteiner, R., 2005. Occurrence of pathogens in bark beetles (Coleoptera, Scolytidae) from Alpine pine (Pinus cembra L.). IOBC/wprs Bull 28, 155–158."
231,Ips typographus,Microsporidia,Chytridiopsis typographi,,,,,,,,,,"Händel et al., 2001",2001,non full-text ,"Händel U., M. Kenis & R. Wegensteiner 2001. Untersuchungen zum Vorkommen von Pathogenen und Parasiten in Populationen überwinternder Fichtenborkenkäfer (Col., Scolytidae). Mitteilungen der Deutschen Gesellschaft für allgemeine und angewandte Entomologie 13, 423-28."
232,Ips typographus,Microsporidia,Unikaryon montanum,,,,,,,,,,"Händel et al., 2001",2001,non full-text ,"Händel U., M. Kenis & R. Wegensteiner 2001. Untersuchungen zum Vorkommen von Pathogenen und Parasiten in Populationen überwinternder Fichtenborkenkäfer (Col., Scolytidae). Mitteilungen der Deutschen Gesellschaft für allgemeine und angewandte Entomologie 13, 423-28."
233,Ips amitinus,Virus,similar to the ItEPV,,,,,,,,,,"Händel et al., 2001",2001,non full-text ,"Händel U., M. Kenis & R. Wegensteiner 2001. Untersuchungen zum Vorkommen von Pathogenen und Parasiten in Populationen überwinternder Fichtenborkenkäfer (Col., Scolytidae). Mitteilungen der Deutschen Gesellschaft für allgemeine und angewandte Entomologie 13, 423-28."
234,Polygraphus poligraphus,Virus,baculovirus-like particles,,,,,,,,,,"Händel et al., 2001",2001,non full-text ,"Händel U., M. Kenis & R. Wegensteiner 2001. Untersuchungen zum Vorkommen von Pathogenen und Parasiten in Populationen überwinternder Fichtenborkenkäfer (Col., Scolytidae). Mitteilungen der Deutschen Gesellschaft für allgemeine und angewandte Entomologie 13, 423-28."
235,Ips typographus,Virus,ItEPV,Austria,pathogen,,,,midgut epithelium,evaluation of pathogen infections of emerged beetles,,,"Händel et al., 2003",2003,full text,"Händel, U., Wegensteiner, R., Weiser, J., & Zizka, Z. (2003). Occurrence of pathogens in associated living bark beetles (Col., Scolytidae) from different spruce stands in Austria. Anzeiger für Schädlingskunde= Journal of pest science, 76(1), 22-32."
236,Ips typographus,Microsporidia,Malamoeba scolyti,Austria,pathogen,,,,midgut epithelium; malpighian tubules,evaluation of pathogen infections of emerged beetles,,,"Händel et al., 2003",2003,full text,"Händel, U., Wegensteiner, R., Weiser, J., & Zizka, Z. (2003). Occurrence of pathogens in associated living bark beetles (Col., Scolytidae) from different spruce stands in Austria. Anzeiger für Schädlingskunde= Journal of pest science, 76(1), 22-32."
237,Ips typographus,Protist,Mattesia sp.,Austria,pathogen,,,,fat body,evaluation of pathogen infections of emerged beetles,,,"Händel et al., 2003",2003,full text,"Händel, U., Wegensteiner, R., Weiser, J., & Zizka, Z. (2003). Occurrence of pathogens in associated living bark beetles (Col., Scolytidae) from different spruce stands in Austria. Anzeiger für Schädlingskunde= Journal of pest science, 76(1), 22-32."
238,Ips typographus,Protist,Gregarina typographi,Austria,pathogen,,,,midgut lumen,evaluation of pathogen infections of emerged beetles,,,"Händel et al., 2003",2003,full text,"Händel, U., Wegensteiner, R., Weiser, J., & Zizka, Z. (2003). Occurrence of pathogens in associated living bark beetles (Col., Scolytidae) from different spruce stands in Austria. Anzeiger für Schädlingskunde= Journal of pest science, 76(1), 22-32."
239,Ips typographus,Microsporidia,Chytridiopsis typographi,Austria,pathogen,,,,midgut epithelium,evaluation of pathogen infections of emerged beetles,,,"Händel et al., 2003",2003,full text,"Händel, U., Wegensteiner, R., Weiser, J., & Zizka, Z. (2003). Occurrence of pathogens in associated living bark beetles (Col., Scolytidae) from different spruce stands in Austria. Anzeiger für Schädlingskunde= Journal of pest science, 76(1), 22-32."
240,Ips typographus,Microsporidia,Nosema typographi,Austria,pathogen,,,,midgut epithelium; fat body; gonads,evaluation of pathogen infections of emerged beetles,,,"Händel et al., 2003",2003,full text,"Händel, U., Wegensteiner, R., Weiser, J., & Zizka, Z. (2003). Occurrence of pathogens in associated living bark beetles (Col., Scolytidae) from different spruce stands in Austria. Anzeiger für Schädlingskunde= Journal of pest science, 76(1), 22-32."
241,Ips typographus,Microsporidia,Unikaryon montanum,Austria,pathogen,,,,midgut epithelium; fat body; gonads,evaluation of pathogen infections of emerged beetles,,,"Händel et al., 2003",2003,full text,"Händel, U., Wegensteiner, R., Weiser, J., & Zizka, Z. (2003). Occurrence of pathogens in associated living bark beetles (Col., Scolytidae) from different spruce stands in Austria. Anzeiger für Schädlingskunde= Journal of pest science, 76(1), 22-32."
242,Ips typographus,Fungi,Metschnikowia sp.,Austria,pathogen,,,,midgut epithelium,evaluation of pathogen infections of emerged beetles,,,"Händel et al., 2003",2003,full text,"Händel, U., Wegensteiner, R., Weiser, J., & Zizka, Z. (2003). Occurrence of pathogens in associated living bark beetles (Col., Scolytidae) from different spruce stands in Austria. Anzeiger für Schädlingskunde= Journal of pest science, 76(1), 22-32."
243,Pityogenes chalcographus,Protist,Gregarina cf. typographi,Austria,pathogen,,,,midgut lumen,evaluation of pathogen infections of emerged beetles,,,"Händel et al., 2003",2003,full text,"Händel, U., Wegensteiner, R., Weiser, J., & Zizka, Z. (2003). Occurrence of pathogens in associated living bark beetles (Col., Scolytidae) from different spruce stands in Austria. Anzeiger für Schädlingskunde= Journal of pest science, 76(1), 22-32."
244,Pityogenes chalcographus,Protist,Menzbieria chalcographi,Austria,pathogen,,,,fat body,evaluation of pathogen infections of emerged beetles,,,"Händel et al., 2003",2003,full text,"Händel, U., Wegensteiner, R., Weiser, J., & Zizka, Z. (2003). Occurrence of pathogens in associated living bark beetles (Col., Scolytidae) from different spruce stands in Austria. Anzeiger für Schädlingskunde= Journal of pest science, 76(1), 22-32."
245,Pityogenes chalcographus,Protist,Mattesia sp.,Austria,pathogen,,,,fat body,evaluation of pathogen infections of emerged beetles,,,"Händel et al., 2003",2003,full text,"Händel, U., Wegensteiner, R., Weiser, J., & Zizka, Z. (2003). Occurrence of pathogens in associated living bark beetles (Col., Scolytidae) from different spruce stands in Austria. Anzeiger für Schädlingskunde= Journal of pest science, 76(1), 22-32."
246,Pityogenes chalcographus,Microsporidia,Chytridiopsis cf. typographi,Austria,pathogen,,,,midgut epithelium,evaluation of pathogen infections of emerged beetles,,,"Händel et al., 2003",2003,full text,"Händel, U., Wegensteiner, R., Weiser, J., & Zizka, Z. (2003). Occurrence of pathogens in associated living bark beetles (Col., Scolytidae) from different spruce stands in Austria. Anzeiger für Schädlingskunde= Journal of pest science, 76(1), 22-32."
247,Pityogenes chalcographus,Microsporidia,Unikaryon-type microsporidium,Austria,pathogen,,,,midgut epithelium; malpighian tubules; gonads,evaluation of pathogen infections of emerged beetles,,,"Händel et al., 2003",2003,full text,"Händel, U., Wegensteiner, R., Weiser, J., & Zizka, Z. (2003). Occurrence of pathogens in associated living bark beetles (Col., Scolytidae) from different spruce stands in Austria. Anzeiger für Schädlingskunde= Journal of pest science, 76(1), 22-32."
248,Ips amitinus,Virus,ItEPV,Austria,pathogen,,,,midgut epithelium,evaluation of pathogen infections of emerged beetles,,,"Händel et al., 2003",2003,full text,"Händel, U., Wegensteiner, R., Weiser, J., & Zizka, Z. (2003). Occurrence of pathogens in associated living bark beetles (Col., Scolytidae) from different spruce stands in Austria. Anzeiger für Schädlingskunde= Journal of pest science, 76(1), 22-32."
249,Ips amitinus,Protist,Gregarina cf. typographi,Austria,pathogen,,,,midgut lumen,evaluation of pathogen infections of emerged beetles,,,"Händel et al., 2003",2003,full text,"Händel, U., Wegensteiner, R., Weiser, J., & Zizka, Z. (2003). Occurrence of pathogens in associated living bark beetles (Col., Scolytidae) from different spruce stands in Austria. Anzeiger für Schädlingskunde= Journal of pest science, 76(1), 22-32."
250,Ips amitinus,Microsporidia,Chytridiopsis cf. typographi,Austria,pathogen,,,,midgut epithelium,evaluation of pathogen infections of emerged beetles,,,"Händel et al., 2003",2003,full text,"Händel, U., Wegensteiner, R., Weiser, J., & Zizka, Z. (2003). Occurrence of pathogens in associated living bark beetles (Col., Scolytidae) from different spruce stands in Austria. Anzeiger für Schädlingskunde= Journal of pest science, 76(1), 22-32."
251,Ips amitinus,Microsporidia,Unikaryon-type microsporidium,Austria,pathogen,,,,midgut epithelium; fat body; gonads,evaluation of pathogen infections of emerged beetles,,,"Händel et al., 2003",2003,full text,"Händel, U., Wegensteiner, R., Weiser, J., & Zizka, Z. (2003). Occurrence of pathogens in associated living bark beetles (Col., Scolytidae) from different spruce stands in Austria. Anzeiger für Schädlingskunde= Journal of pest science, 76(1), 22-32."
252,Ips amitinus,Fungi,Metschnikowia sp.,Austria,pathogen,,,,midgut epithelium,evaluation of pathogen infections of emerged beetles,,,"Händel et al., 2003",2003,full text,"Händel, U., Wegensteiner, R., Weiser, J., & Zizka, Z. (2003). Occurrence of pathogens in associated living bark beetles (Col., Scolytidae) from different spruce stands in Austria. Anzeiger für Schädlingskunde= Journal of pest science, 76(1), 22-32."
253,Hylastes cunicularius,Microsporidia,Malamoeba cf. scolyti,Austria,pathogen,,,,malpighian tubules,evaluation of pathogen infections of emerged beetles,,,"Händel et al., 2003",2003,full text,"Händel, U., Wegensteiner, R., Weiser, J., & Zizka, Z. (2003). Occurrence of pathogens in associated living bark beetles (Col., Scolytidae) from different spruce stands in Austria. Anzeiger für Schädlingskunde= Journal of pest science, 76(1), 22-32."
254,Hylastes cunicularius,Protist,Gregarina hylastidis,Austria,pathogen,,,,midgut lumen,evaluation of pathogen infections of emerged beetles,,,"Händel et al., 2003",2003,full text,"Händel, U., Wegensteiner, R., Weiser, J., & Zizka, Z. (2003). Occurrence of pathogens in associated living bark beetles (Col., Scolytidae) from different spruce stands in Austria. Anzeiger für Schädlingskunde= Journal of pest science, 76(1), 22-32."
255,Hylurgops palliatus,Microsporidia,Malamoeba scolyti,Austria,pathogen,,,,malpighian tubules,evaluation of pathogen infections of emerged beetles,,,"Händel et al., 2003",2003,full text,"Händel, U., Wegensteiner, R., Weiser, J., & Zizka, Z. (2003). Occurrence of pathogens in associated living bark beetles (Col., Scolytidae) from different spruce stands in Austria. Anzeiger für Schädlingskunde= Journal of pest science, 76(1), 22-32."
256,Hylurgops palliatus,Microsporidia,Nosema-type microsporidium,Austria,pathogen,,,,midgut epithelium; fat body,evaluation of pathogen infections of emerged beetles,,,"Händel et al., 2003",2003,full text,"Händel, U., Wegensteiner, R., Weiser, J., & Zizka, Z. (2003). Occurrence of pathogens in associated living bark beetles (Col., Scolytidae) from different spruce stands in Austria. Anzeiger für Schädlingskunde= Journal of pest science, 76(1), 22-32."
257,Hylurgops glabratus,Protist,Gregarina cf. typographi,Austria,pathogen,,,,midgut lumen,evaluation of pathogen infections of emerged beetles,,,"Händel et al., 2003",2003,full text,"Händel, U., Wegensteiner, R., Weiser, J., & Zizka, Z. (2003). Occurrence of pathogens in associated living bark beetles (Col., Scolytidae) from different spruce stands in Austria. Anzeiger für Schädlingskunde= Journal of pest science, 76(1), 22-32."
258,Polygraphus poligraphus,Virus,Entomopoxvirus-like particles,Austria,pathogen,,,,midgut epithelium,evaluation of pathogen infections of emerged beetles,,,"Händel et al., 2003",2003,full text,"Händel, U., Wegensteiner, R., Weiser, J., & Zizka, Z. (2003). Occurrence of pathogens in associated living bark beetles (Col., Scolytidae) from different spruce stands in Austria. Anzeiger für Schädlingskunde= Journal of pest science, 76(1), 22-32."
259,Polygraphus poligraphus,Microsporidia,Unikaryon polygraphi,Austria,pathogen,,,,midgut epithelium; malpighian tubules; fat body; gonads,evaluation of pathogen infections of emerged beetles,,,"Händel et al., 2003",2003,full text,"Händel, U., Wegensteiner, R., Weiser, J., & Zizka, Z. (2003). Occurrence of pathogens in associated living bark beetles (Col., Scolytidae) from different spruce stands in Austria. Anzeiger für Schädlingskunde= Journal of pest science, 76(1), 22-32."
260,Dryocoetes autographus,Microsporidia,Malamoeba scolyti,Austria,pathogen,,,,midgut epithelium; malpighian tubules,evaluation of pathogen infections of emerged beetles,,,"Händel et al., 2003",2003,full text,"Händel, U., Wegensteiner, R., Weiser, J., & Zizka, Z. (2003). Occurrence of pathogens in associated living bark beetles (Col., Scolytidae) from different spruce stands in Austria. Anzeiger für Schädlingskunde= Journal of pest science, 76(1), 22-32."
261,Dryocoetes autographus,Protist,Gregarina typographi,Austria,pathogen,,,,midgut lumen,evaluation of pathogen infections of emerged beetles,,,"Händel et al., 2003",2003,full text,"Händel, U., Wegensteiner, R., Weiser, J., & Zizka, Z. (2003). Occurrence of pathogens in associated living bark beetles (Col., Scolytidae) from different spruce stands in Austria. Anzeiger für Schädlingskunde= Journal of pest science, 76(1), 22-32."
262,Ips typographus,Fungi,Metschnikowia typographi,,,,,,,,,,"Händel, 2001",2001,,"Händel U. 2001. Untersuchungen zum Gegenspielerkomplex assoziiert lebender Fichtenborkenkäfer (Col., Scolytidae) aus naturnahen und sekundären Fichtenbeständen unter besonderer Berücksichtigung der Pathogene. PhD thesis, Universität für Bodenkultur Wien."
263,Ips amitinus,Fungi,Metschnikowia typographi,,,,,,,,,,"Händel, 2001",2001,,"Händel U. 2001. Untersuchungen zum Gegenspielerkomplex assoziiert lebender Fichtenborkenkäfer (Col., Scolytidae) aus naturnahen und sekundären Fichtenbeständen unter besonderer Berücksichtigung der Pathogene. PhD thesis, Universität für Bodenkultur Wien."
264,Dendroctonus frontalis,Fungi,Beauveria sp.,,,,,,,,,,"Harrar and Martland, 1940",1940,only English abstract,"Harrar, J. G., & Martland, J. G. (1940). A fungous Parasite of the Pine Bark Beetle."
265,Ips avulsus,Nematode,Parasitylenchus avulsi,United States,parasite,,,,,,,,"Hoffard and Coster, 1976",1976,full text,"Hoffard, W.H., Coster, J.E., 1976. Endoparasitic nematodes of Ips Bark beetles in eastern Texas. Environ. Entomol. 5, 128–132."
266,Ips calligraphus,Nematode,Contortylenchus elongatus,United States,parasite,,,,,,,,"Hoffard and Coster, 1976",1976,full text,"Hoffard, W.H., Coster, J.E., 1976. Endoparasitic nematodes of Ips Bark beetles in eastern Texas. Environ. Entomol. 5, 128–132."
267,Ips calligraphus,Nematode,Parasitaphelenchus sp.,United States,parasite,,,,,,,,"Hoffard and Coster, 1976",1976,full text,"Hoffard, W.H., Coster, J.E., 1976. Endoparasitic nematodes of Ips Bark beetles in eastern Texas. Environ. Entomol. 5, 128–132."
268,Ips grandicollis,Nematode,Contortylenchus grandicolli,United States,parasite,,,,,,,,"Hoffard and Coster, 1976",1976,full text,"Hoffard, W.H., Coster, J.E., 1976. Endoparasitic nematodes of Ips Bark beetles in eastern Texas. Environ. Entomol. 5, 128–132."
269,Ips duplicatus,Microsporidia,Larssoniella duplicati,Poland,pathogen,,,,,,,,"Holuša et al., 2007",2007,full text,"Holusa, J., Weiser, J., & Drapela, K. (2007). Pathogens of Ips duplicatus (Coleoptera: Scolytidae) in three areas in Central Europe. Acta Protozoologica, 46(2), 157-167."
270,Ips duplicatus,Microsporidia,Larssoniella duplicati,Czech Republic,pathogen,,,,,,,,"Holuša et al., 2007",2007,full text,"Holusa, J., Weiser, J., & Drapela, K. (2007). Pathogens of Ips duplicatus (Coleoptera: Scolytidae) in three areas in Central Europe. Acta Protozoologica, 46(2), 157-167."
271,Ips duplicatus,Fungi,Pichia sp.,Czech Republic,pathogen,,,,,,,,"Holuša et al., 2007",2007,full text,"Holusa, J., Weiser, J., & Drapela, K. (2007). Pathogens of Ips duplicatus (Coleoptera: Scolytidae) in three areas in Central Europe. Acta Protozoologica, 46(2), 157-167."
272,Ips typographus,Fungi,Pichia sp.,Poland,pathogen,,,,,,,,"Holuša et al., 2007",2007,full text,"Holusa, J., Weiser, J., & Drapela, K. (2007). Pathogens of Ips duplicatus (Coleoptera: Scolytidae) in three areas in Central Europe. Acta Protozoologica, 46(2), 157-167."
273,Ips typographus,Fungi,Pichia sp.,Czech Republic,pathogen,,,,,,,,"Holuša et al., 2007",2007,full text,"Holusa, J., Weiser, J., & Drapela, K. (2007). Pathogens of Ips duplicatus (Coleoptera: Scolytidae) in three areas in Central Europe. Acta Protozoologica, 46(2), 157-167."
274,Ips typographus,Protist,Gregarina typographi,Czech Republic,pathogen,,,,,,,,"Holuša et al., 2007",2007,full text,"Holusa, J., Weiser, J., & Drapela, K. (2007). Pathogens of Ips duplicatus (Coleoptera: Scolytidae) in three areas in Central Europe. Acta Protozoologica, 46(2), 157-167."
275,Ips duplicatus,Protist,Gregarina typographi,Czech Republic,pathogen,,,,,,,,"Holuša et al., 2007",2007,full text,"Holusa, J., Weiser, J., & Drapela, K. (2007). Pathogens of Ips duplicatus (Coleoptera: Scolytidae) in three areas in Central Europe. Acta Protozoologica, 46(2), 157-167."
276,Ips typographus,Microsporidia,Chytridiopsis typographi,Poland,pathogen,,,,,,,,"Holuša et al., 2007",2007,full text,"Holusa, J., Weiser, J., & Drapela, K. (2007). Pathogens of Ips duplicatus (Coleoptera: Scolytidae) in three areas in Central Europe. Acta Protozoologica, 46(2), 157-167."
277,Ips duplicatus,Microsporidia,Chytridiopsis typographi,Poland,pathogen,,,,,,,,"Holuša et al., 2007",2007,full text,"Holusa, J., Weiser, J., & Drapela, K. (2007). Pathogens of Ips duplicatus (Coleoptera: Scolytidae) in three areas in Central Europe. Acta Protozoologica, 46(2), 157-167."
278,Ips typographus,Microsporidia,Chytridiopsis typographi,Czech Republic,pathogen,,,,,,,,"Holuša et al., 2007",2007,full text,"Holusa, J., Weiser, J., & Drapela, K. (2007). Pathogens of Ips duplicatus (Coleoptera: Scolytidae) in three areas in Central Europe. Acta Protozoologica, 46(2), 157-167."
279,Ips duplicatus,Microsporidia,Chytridiopsis typographi,Czech Republic,pathogen,,,,,,,,"Holuša et al., 2007",2007,full text,"Holusa, J., Weiser, J., & Drapela, K. (2007). Pathogens of Ips duplicatus (Coleoptera: Scolytidae) in three areas in Central Europe. Acta Protozoologica, 46(2), 157-167."
280,Ips typographus,Microsporidia,Chytridiopsis typographi,Czech Republic,pathogen,,,,,,,,"Holuša et al., 2009",2009,full text,"Holusa, J., Weiser, J., & Zizka, Z. (2009). Pathogens of the spruce bark beetles Ips typographus and Ips duplicatus. Central European Journal of Biology, 4(4), 567-573."
281,Ips duplicatus,Microsporidia,Chytridiopsis typographi,Czech Republic,pathogen,,,,,,,,"Holuša et al., 2009",2009,full text,"Holusa, J., Weiser, J., & Zizka, Z. (2009). Pathogens of the spruce bark beetles Ips typographus and Ips duplicatus. Central European Journal of Biology, 4(4), 567-573."
282,Ips typographus,Microsporidia,Nosema typographi,Czech Republic,pathogen,,,,,,,,"Holuša et al., 2009",2009,full text,"Holusa, J., Weiser, J., & Zizka, Z. (2009). Pathogens of the spruce bark beetles Ips typographus and Ips duplicatus. Central European Journal of Biology, 4(4), 567-573."
283,Ips typographus,Protist,Menzbieria chalcographi,Czech Republic,pathogen,,,,,,,,"Holuša et al., 2009",2009,full text,"Holusa, J., Weiser, J., & Zizka, Z. (2009). Pathogens of the spruce bark beetles Ips typographus and Ips duplicatus. Central European Journal of Biology, 4(4), 567-573."
284,Ips duplicatus,Microsporidia,Larssoniella duplicati,Czech Republic,pathogen,,,,,,,,"Holuša et al., 2009",2009,full text,"Holusa, J., Weiser, J., & Zizka, Z. (2009). Pathogens of the spruce bark beetles Ips typographus and Ips duplicatus. Central European Journal of Biology, 4(4), 567-573."
285,Ips typographus,Protist,Gregarina typographi,Czech Republic,pathogen,,,,,,,,"Holuša et al., 2009",2009,full text,"Holusa, J., Weiser, J., & Zizka, Z. (2009). Pathogens of the spruce bark beetles Ips typographus and Ips duplicatus. Central European Journal of Biology, 4(4), 567-573."
286,Ips duplicatus,Protist,Gregarina typographi,Czech Republic,pathogen,,,,,,,,"Holuša et al., 2009",2009,full text,"Holusa, J., Weiser, J., & Zizka, Z. (2009). Pathogens of the spruce bark beetles Ips typographus and Ips duplicatus. Central European Journal of Biology, 4(4), 567-573."
287,Ips cembrae,Microsporidia,Chytridiopsis typographi,Austria,pathogen,,,,,,,,"Holuša et al., 2013",2013,full text,"Holuša, J., Lukášová, K., Wegensteiner, R., Grodzki, W., Pernek, M., & Weiser, J. (2013). Pathogens of the bark beetle Ips cembrae: microsporidia and gregarines also known from other Ips species. Journal of applied entomology, 137(3), 181-187."
288,Ips cembrae,Microsporidia,Chytridiopsis typographi,Poland,pathogen,,,,,,,,"Holuša et al., 2013",2013,full text,"Holuša, J., Lukášová, K., Wegensteiner, R., Grodzki, W., Pernek, M., & Weiser, J. (2013). Pathogens of the bark beetle Ips cembrae: microsporidia and gregarines also known from other Ips species. Journal of applied entomology, 137(3), 181-187."
289,Ips cembrae,Microsporidia,Chytridiopsis typographi,Hungary,pathogen,,,,,,,,"Holuša et al., 2013",2013,full text,"Holuša, J., Lukášová, K., Wegensteiner, R., Grodzki, W., Pernek, M., & Weiser, J. (2013). Pathogens of the bark beetle Ips cembrae: microsporidia and gregarines also known from other Ips species. Journal of applied entomology, 137(3), 181-187."
290,Ips cembrae,Microsporidia,Chytridiopsis typographi,Czech Republic,pathogen,,,,,,,,"Holuša et al., 2013",2013,full text,"Holuša, J., Lukášová, K., Wegensteiner, R., Grodzki, W., Pernek, M., & Weiser, J. (2013). Pathogens of the bark beetle Ips cembrae: microsporidia and gregarines also known from other Ips species. Journal of applied entomology, 137(3), 181-187."
291,Ips cembrae,Protist,Gregarina typographi,Austria,pathogen,,,,,,,,"Holuša et al., 2013",2013,full text,"Holuša, J., Lukášová, K., Wegensteiner, R., Grodzki, W., Pernek, M., & Weiser, J. (2013). Pathogens of the bark beetle Ips cembrae: microsporidia and gregarines also known from other Ips species. Journal of applied entomology, 137(3), 181-187."
292,Ips cembrae,Protist,Gregarina typographi,Hungary,pathogen,,,,,,,,"Holuša et al., 2013",2013,full text,"Holuša, J., Lukášová, K., Wegensteiner, R., Grodzki, W., Pernek, M., & Weiser, J. (2013). Pathogens of the bark beetle Ips cembrae: microsporidia and gregarines also known from other Ips species. Journal of applied entomology, 137(3), 181-187."
293,Ips cembrae,Protist,Mattesia schwenkei,Hungary,pathogen,,,,,,,,"Holuša et al., 2013",2013,full text,"Holuša, J., Lukášová, K., Wegensteiner, R., Grodzki, W., Pernek, M., & Weiser, J. (2013). Pathogens of the bark beetle Ips cembrae: microsporidia and gregarines also known from other Ips species. Journal of applied entomology, 137(3), 181-187."
294,Ips cembrae,Microsporidia,Nosema sp.,Czech Republic,pathogen,,,,,,,,"Holuša et al., 2013",2013,full text,"Holuša, J., Lukášová, K., Wegensteiner, R., Grodzki, W., Pernek, M., & Weiser, J. (2013). Pathogens of the bark beetle Ips cembrae: microsporidia and gregarines also known from other Ips species. Journal of applied entomology, 137(3), 181-187."
295,Ips cembrae,Microsporidia,Nosema sp.,Poland,pathogen,,,,,,,,"Holuša et al., 2013",2013,full text,"Holuša, J., Lukášová, K., Wegensteiner, R., Grodzki, W., Pernek, M., & Weiser, J. (2013). Pathogens of the bark beetle Ips cembrae: microsporidia and gregarines also known from other Ips species. Journal of applied entomology, 137(3), 181-187."
296,Ips cembrae,Fungi,Fusarium sp.,Czech Republic,pathogen,,,,,,,,"Holuša et al., 2013",2013,full text,"Holuša, J., Lukášová, K., Wegensteiner, R., Grodzki, W., Pernek, M., & Weiser, J. (2013). Pathogens of the bark beetle Ips cembrae: microsporidia and gregarines also known from other Ips species. Journal of applied entomology, 137(3), 181-187."
297,Ips amitinus,Microsporidia,Microsporidium sp.,Austria,occurrence survey,,,,,,,,"Holuša et al., 2016",2016,full text,"Holuša, J., Lukášová, K., Žižka, Z., Händel, U., Haidler, B., & Wegensteiner, R. (2016). Occurrence of Microsporidium sp. and other pathogens in Ips amitinus (Coleoptera: Curculionidae). Acta Parasitologica, 61(3), 621-628."
298,Ips amitinus,Microsporidia,Chytridiopsis cf. typographi,Austria,occurrence survey,,,,,,,,"Holuša et al., 2016",2016,full text,"Holuša, J., Lukášová, K., Žižka, Z., Händel, U., Haidler, B., & Wegensteiner, R. (2016). Occurrence of Microsporidium sp. and other pathogens in Ips amitinus (Coleoptera: Curculionidae). Acta Parasitologica, 61(3), 621-628."
299,Ips amitinus,Protist,Gregarina cf. typographi,Austria,occurrence survey,,,,,,,,"Holuša et al., 2016",2016,full text,"Holuša, J., Lukášová, K., Žižka, Z., Händel, U., Haidler, B., & Wegensteiner, R. (2016). Occurrence of Microsporidium sp. and other pathogens in Ips amitinus (Coleoptera: Curculionidae). Acta Parasitologica, 61(3), 621-628."
300,Ips amitinus,Virus,ItEPV,Austria,occurrence survey,,,,,,,,"Holuša et al., 2016",2016,full text,"Holuša, J., Lukášová, K., Žižka, Z., Händel, U., Haidler, B., & Wegensteiner, R. (2016). Occurrence of Microsporidium sp. and other pathogens in Ips amitinus (Coleoptera: Curculionidae). Acta Parasitologica, 61(3), 621-628."
301,Ips amitinus,Fungi,Metschnikowia typographi,Austria,occurrence survey,,,,,,,,"Holuša et al., 2016",2016,full text,"Holuša, J., Lukášová, K., Žižka, Z., Händel, U., Haidler, B., & Wegensteiner, R. (2016). Occurrence of Microsporidium sp. and other pathogens in Ips amitinus (Coleoptera: Curculionidae). Acta Parasitologica, 61(3), 621-628."
302,Ips amitinus,Protist,Gregarina cf. typographi,Czech Republic,occurrence survey,,,,,,,,"Holuša et al., 2016",2016,full text,"Holuša, J., Lukášová, K., Žižka, Z., Händel, U., Haidler, B., & Wegensteiner, R. (2016). Occurrence of Microsporidium sp. and other pathogens in Ips amitinus (Coleoptera: Curculionidae). Acta Parasitologica, 61(3), 621-628."
303,Ips amitinus,Microsporidia,Nosema cf. typographi,Czech Republic,occurrence survey,,,,,,,,"Holuša et al., 2016",2016,full text,"Holuša, J., Lukášová, K., Žižka, Z., Händel, U., Haidler, B., & Wegensteiner, R. (2016). Occurrence of Microsporidium sp. and other pathogens in Ips amitinus (Coleoptera: Curculionidae). Acta Parasitologica, 61(3), 621-628."
304,Ips amitinus,Microsporidia,Chytridiopsis cf. typographi,Czech Republic,occurrence survey,,,,,,,,"Holuša et al., 2016",2016,full text,"Holuša, J., Lukášová, K., Žižka, Z., Händel, U., Haidler, B., & Wegensteiner, R. (2016). Occurrence of Microsporidium sp. and other pathogens in Ips amitinus (Coleoptera: Curculionidae). Acta Parasitologica, 61(3), 621-628."
305,Ips amitinus,Virus,ItEPV,Finland,occurrence survey,,,,,,,,"Holuša et al., 2016",2016,full text,"Holuša, J., Lukášová, K., Žižka, Z., Händel, U., Haidler, B., & Wegensteiner, R. (2016). Occurrence of Microsporidium sp. and other pathogens in Ips amitinus (Coleoptera: Curculionidae). Acta Parasitologica, 61(3), 621-628."
306,Ips amitinus,Microsporidia,Chytridiopsis cf. typographi,Finland,occurrence survey,,,,,,,,"Holuša et al., 2016",2016,full text,"Holuša, J., Lukášová, K., Žižka, Z., Händel, U., Haidler, B., & Wegensteiner, R. (2016). Occurrence of Microsporidium sp. and other pathogens in Ips amitinus (Coleoptera: Curculionidae). Acta Parasitologica, 61(3), 621-628."
307,Ips amitinus,Fungi,Metschnikowia typographi,Finland,occurrence survey,,,,,,,,"Holuša et al., 2016",2016,full text,"Holuša, J., Lukášová, K., Žižka, Z., Händel, U., Haidler, B., & Wegensteiner, R. (2016). Occurrence of Microsporidium sp. and other pathogens in Ips amitinus (Coleoptera: Curculionidae). Acta Parasitologica, 61(3), 621-628."
308,Orthotomicus erosus,Microsporidia,Chytridiopsis sp.,Hungary,pathogen,,,,,,,,"Holuša et al., 2017",2017,full text,"Holuša, J., Lukášová, K., Hubáčková, J., Knížek, M., & Wegensteiner, R. (2017). Pathogens and nematodes associated to three bark beetle species of the genus Orthotomicus (Coleoptera Curculionidae) in central-south Europe. Bulletin of Insectology, 70(2), 291-297."
309,Orthotomicus erosus,Nematode,gut nematodes,Hungary,,,,,,,,,"Holuša et al., 2017",2017,full text,"Holuša, J., Lukášová, K., Hubáčková, J., Knížek, M., & Wegensteiner, R. (2017). Pathogens and nematodes associated to three bark beetle species of the genus Orthotomicus (Coleoptera Curculionidae) in central-south Europe. Bulletin of Insectology, 70(2), 291-297."
310,Orthotomicus erosus,Nematode,haemolyph nematodes,Hungary,,,,,,,,,"Holuša et al., 2017",2017,full text,"Holuša, J., Lukášová, K., Hubáčková, J., Knížek, M., & Wegensteiner, R. (2017). Pathogens and nematodes associated to three bark beetle species of the genus Orthotomicus (Coleoptera Curculionidae) in central-south Europe. Bulletin of Insectology, 70(2), 291-297."
311,Orthotomicus erosus,Microsporidia,Chytridiopsis sp.,Austria,pathogen,,,,,,,,"Holuša et al., 2017",2017,full text,"Holuša, J., Lukášová, K., Hubáčková, J., Knížek, M., & Wegensteiner, R. (2017). Pathogens and nematodes associated to three bark beetle species of the genus Orthotomicus (Coleoptera Curculionidae) in central-south Europe. Bulletin of Insectology, 70(2), 291-297."
312,Orthotomicus erosus,Protist,Gregarina sp.,Austria,pathogen,,,,,,,,"Holuša et al., 2017",2017,full text,"Holuša, J., Lukášová, K., Hubáčková, J., Knížek, M., & Wegensteiner, R. (2017). Pathogens and nematodes associated to three bark beetle species of the genus Orthotomicus (Coleoptera Curculionidae) in central-south Europe. Bulletin of Insectology, 70(2), 291-297."
313,Orthotomicus erosus,Protist,Mattesia sp.,Austria,pathogen,,,,,,,,"Holuša et al., 2017",2017,full text,"Holuša, J., Lukášová, K., Hubáčková, J., Knížek, M., & Wegensteiner, R. (2017). Pathogens and nematodes associated to three bark beetle species of the genus Orthotomicus (Coleoptera Curculionidae) in central-south Europe. Bulletin of Insectology, 70(2), 291-297."
314,Orthotomicus laricis,Nematode,Contortylenchus laricis,Czech Republic,,,,,,,,,"Holuša et al., 2017",2017,full text,"Holuša, J., Lukášová, K., Hubáčková, J., Knížek, M., & Wegensteiner, R. (2017). Pathogens and nematodes associated to three bark beetle species of the genus Orthotomicus (Coleoptera Curculionidae) in central-south Europe. Bulletin of Insectology, 70(2), 291-297."
315,Orthotomicus laricis,Nematode,haemolyph nematodes,Czech Republic,,,,,,,,,"Holuša et al., 2017",2017,full text,"Holuša, J., Lukášová, K., Hubáčková, J., Knížek, M., & Wegensteiner, R. (2017). Pathogens and nematodes associated to three bark beetle species of the genus Orthotomicus (Coleoptera Curculionidae) in central-south Europe. Bulletin of Insectology, 70(2), 291-297."
316,Orthotomicus laricis,Protist,Gregarina sp.,Czech Republic,pathogen,,,,,,,,"Holuša et al., 2017",2017,full text,"Holuša, J., Lukášová, K., Hubáčková, J., Knížek, M., & Wegensteiner, R. (2017). Pathogens and nematodes associated to three bark beetle species of the genus Orthotomicus (Coleoptera Curculionidae) in central-south Europe. Bulletin of Insectology, 70(2), 291-297."
317,Orthotomicus laricis,Nematode,gut nematodes,Czech Republic,,,,,,,,,"Holuša et al., 2017",2017,full text,"Holuša, J., Lukášová, K., Hubáčková, J., Knížek, M., & Wegensteiner, R. (2017). Pathogens and nematodes associated to three bark beetle species of the genus Orthotomicus (Coleoptera Curculionidae) in central-south Europe. Bulletin of Insectology, 70(2), 291-297."
318,Orthotomicus laricis,Nematode,Contortylenchus laricis,Poland,,,,,,,,,"Holuša et al., 2017",2017,full text,"Holuša, J., Lukášová, K., Hubáčková, J., Knížek, M., & Wegensteiner, R. (2017). Pathogens and nematodes associated to three bark beetle species of the genus Orthotomicus (Coleoptera Curculionidae) in central-south Europe. Bulletin of Insectology, 70(2), 291-297."
319,Orthotomicus laricis,Nematode,haemolyph nematodes,Poland,,,,,,,,,"Holuša et al., 2017",2017,full text,"Holuša, J., Lukášová, K., Hubáčková, J., Knížek, M., & Wegensteiner, R. (2017). Pathogens and nematodes associated to three bark beetle species of the genus Orthotomicus (Coleoptera Curculionidae) in central-south Europe. Bulletin of Insectology, 70(2), 291-297."
320,Orthotomicus laricis,Microsporidia,Chytridiopsis sp.,Austria,pathogen,,,,,,,,"Holuša et al., 2017",2017,full text,"Holuša, J., Lukášová, K., Hubáčková, J., Knížek, M., & Wegensteiner, R. (2017). Pathogens and nematodes associated to three bark beetle species of the genus Orthotomicus (Coleoptera Curculionidae) in central-south Europe. Bulletin of Insectology, 70(2), 291-297."
321,Orthotomicus nobilis,Nematode,gut nematodes,Spain,,,,,,,,,"Holuša et al., 2017",2017,full text,"Holuša, J., Lukášová, K., Hubáčková, J., Knížek, M., & Wegensteiner, R. (2017). Pathogens and nematodes associated to three bark beetle species of the genus Orthotomicus (Coleoptera Curculionidae) in central-south Europe. Bulletin of Insectology, 70(2), 291-297."
322,Orthotomicus nobilis,Nematode,haemolyph nematodes,Spain,,,,,,,,,"Holuša et al., 2017",2017,full text,"Holuša, J., Lukášová, K., Hubáčková, J., Knížek, M., & Wegensteiner, R. (2017). Pathogens and nematodes associated to three bark beetle species of the genus Orthotomicus (Coleoptera Curculionidae) in central-south Europe. Bulletin of Insectology, 70(2), 291-297."
323,Scolytus multistriatus,Fungi,Beauveria bassiana,,,laboratory,,,,,,pathogenicity test,"Houle et al., 1987",1987,full text,"Houle C., G.C. Hartmann & S.S. Wasti 1987. Infectivity of eight species of entomogenous fungi to the larvae of the elm bark beetle, Scolytus multistriatus (Marsham). Journal of the New York Entomological Society 95, 14-18."
324,Scolytus multistriatus,Fungi,Cordyceps militaris,,,laboratory,,,,,,pathogenicity test,"Houle et al., 1987",1987,full text,"Houle C., G.C. Hartmann & S.S. Wasti 1987. Infectivity of eight species of entomogenous fungi to the larvae of the elm bark beetle, Scolytus multistriatus (Marsham). Journal of the New York Entomological Society 95, 14-18."
325,Scolytus multistriatus,Fungi,Metarhizium anisopliae,,,laboratory,,,,,,pathogenicity test,"Houle et al., 1987",1987,full text,"Houle C., G.C. Hartmann & S.S. Wasti 1987. Infectivity of eight species of entomogenous fungi to the larvae of the elm bark beetle, Scolytus multistriatus (Marsham). Journal of the New York Entomological Society 95, 14-18."
326,Scolytus multistriatus,Fungi,Hirsutella thompsonii,,,laboratory,,,,,,pathogenicity test,"Houle et al., 1987",1987,full text,"Houle C., G.C. Hartmann & S.S. Wasti 1987. Infectivity of eight species of entomogenous fungi to the larvae of the elm bark beetle, Scolytus multistriatus (Marsham). Journal of the New York Entomological Society 95, 14-18."
327,Scolytus multistriatus,Fungi,Nomuraea rileyi,,,laboratory,,,,,,pathogenicity test,"Houle et al., 1987",1987,full text,"Houle C., G.C. Hartmann & S.S. Wasti 1987. Infectivity of eight species of entomogenous fungi to the larvae of the elm bark beetle, Scolytus multistriatus (Marsham). Journal of the New York Entomological Society 95, 14-18."
328,Scolytus multistriatus,Fungi,Paecilomyces farinosus,,,laboratory,,,,,,pathogenicity test,"Houle et al., 1987",1987,full text,"Houle C., G.C. Hartmann & S.S. Wasti 1987. Infectivity of eight species of entomogenous fungi to the larvae of the elm bark beetle, Scolytus multistriatus (Marsham). Journal of the New York Entomological Society 95, 14-18."
329,Scolytus multistriatus,Fungi,Paecilomyces fumoso-roseus,,,laboratory,,,,,,pathogenicity test,"Houle et al., 1987",1987,full text,"Houle C., G.C. Hartmann & S.S. Wasti 1987. Infectivity of eight species of entomogenous fungi to the larvae of the elm bark beetle, Scolytus multistriatus (Marsham). Journal of the New York Entomological Society 95, 14-18."
330,Scolytus multistriatus,Fungi,Verticillium lecanii,,,laboratory,,,,,,pathogenicity test,"Houle et al., 1987",1987,full text,"Houle C., G.C. Hartmann & S.S. Wasti 1987. Infectivity of eight species of entomogenous fungi to the larvae of the elm bark beetle, Scolytus multistriatus (Marsham). Journal of the New York Entomological Society 95, 14-18."
331,Hylurgus ligniperda,Nematode,Steinernema feltiae,China,,laboratory,,,,,,pathogenicity test,"Hu et al., 2004",2004,full text,Study on the biological control of Steinernema feltiae against Hylurgus ligniperda on the entry log
332,Scolytidae sp.,Fungi,Beauveria caledonica,China,,laboratory,,,,isolated from cadaver,,,"Huang et al., 2007",2007,full text,A new record of Beauveria isolated from Scolytidae in China
333,Dendroctonus ponderosae,Fungi,Beauveria bassiana,Canada,,,,,,,,,"Hunt et al., 1984",1984,full text,"Hunt, D. W. A., Borden, J. H., Rahe, J. E., & Whitney, H. S. (1984). Nutrient-mediated germination of Beauveria bassiana conidia on the integument of the bark beetle Dendroctonus ponderosae (Coleoptera: Scolytidae). Journal of Invertebrate Pathology, 44(3), 304-314."
334,Ips typographus,Fungi,Beauveria caledonica,Slovakia,,,,morphological and molecular,,isolated from infected beetle,,,"Hyblerová et al., 2021",2021,full text,"Hyblerová, S., Medo, J., & Barta, M. (2021). Diversity and prevalence of entomopathogenic fungi (Ascomycota, Hypocreales) in epidemic populations of bark beetles (Coleoptera, Scolytinae) in spruce forests of the Tatra National Park in Slovakia. Annals of Forest Research, 64(1), 129-145."
335,Ips typographus,Fungi,Beauveria bassiana,Slovakia,,,,morphological and molecular,,isolated from infected beetle,,,"Hyblerová et al., 2021",2021,full text,"Hyblerová, S., Medo, J., & Barta, M. (2021). Diversity and prevalence of entomopathogenic fungi (Ascomycota, Hypocreales) in epidemic populations of bark beetles (Coleoptera, Scolytinae) in spruce forests of the Tatra National Park in Slovakia. Annals of Forest Research, 64(1), 129-145."
336,Ips typographus,Fungi,Beauveria pseudobassiana,Slovakia,,,,morphological and molecular,,isolated from infected beetle,,,"Hyblerová et al., 2021",2021,full text,"Hyblerová, S., Medo, J., & Barta, M. (2021). Diversity and prevalence of entomopathogenic fungi (Ascomycota, Hypocreales) in epidemic populations of bark beetles (Coleoptera, Scolytinae) in spruce forests of the Tatra National Park in Slovakia. Annals of Forest Research, 64(1), 129-145."
337,Ips typographus,Fungi,Metapochonia bulbillosa,Slovakia,,,,morphological and molecular,,isolated from infected beetle,,,"Hyblerová et al., 2021",2021,full text,"Hyblerová, S., Medo, J., & Barta, M. (2021). Diversity and prevalence of entomopathogenic fungi (Ascomycota, Hypocreales) in epidemic populations of bark beetles (Coleoptera, Scolytinae) in spruce forests of the Tatra National Park in Slovakia. Annals of Forest Research, 64(1), 129-145."
338,Ips amitinus,Fungi,Beauveria bassiana,Slovakia,,,,morphological and molecular,,isolated from infected beetle,,,"Hyblerová et al., 2021",2021,full text,"Hyblerová, S., Medo, J., & Barta, M. (2021). Diversity and prevalence of entomopathogenic fungi (Ascomycota, Hypocreales) in epidemic populations of bark beetles (Coleoptera, Scolytinae) in spruce forests of the Tatra National Park in Slovakia. Annals of Forest Research, 64(1), 129-145."
339,Ips amitinus,Fungi,Beauveria pseudobassiana,Slovakia,,,,morphological and molecular,,isolated from infected beetle,,,"Hyblerová et al., 2021",2021,full text,"Hyblerová, S., Medo, J., & Barta, M. (2021). Diversity and prevalence of entomopathogenic fungi (Ascomycota, Hypocreales) in epidemic populations of bark beetles (Coleoptera, Scolytinae) in spruce forests of the Tatra National Park in Slovakia. Annals of Forest Research, 64(1), 129-145."
340,Pityogenes chalcographus,Fungi,Beauveria bassiana,Slovakia,,,,morphological and molecular,,isolated from infected beetle,,,"Hyblerová et al., 2021",2021,full text,"Hyblerová, S., Medo, J., & Barta, M. (2021). Diversity and prevalence of entomopathogenic fungi (Ascomycota, Hypocreales) in epidemic populations of bark beetles (Coleoptera, Scolytinae) in spruce forests of the Tatra National Park in Slovakia. Annals of Forest Research, 64(1), 129-145."
341,Pityogenes chalcographus,Fungi,Beauveria caledonica,Slovakia,,,,morphological and molecular,,isolated from infected beetle,,,"Hyblerová et al., 2021",2021,full text,"Hyblerová, S., Medo, J., & Barta, M. (2021). Diversity and prevalence of entomopathogenic fungi (Ascomycota, Hypocreales) in epidemic populations of bark beetles (Coleoptera, Scolytinae) in spruce forests of the Tatra National Park in Slovakia. Annals of Forest Research, 64(1), 129-145."
342,Pityogenes chalcographus,Fungi,Metapochonia bulbillosa,Slovakia,,,,morphological and molecular,,isolated from infected beetle,,,"Hyblerová et al., 2021",2021,full text,"Hyblerová, S., Medo, J., & Barta, M. (2021). Diversity and prevalence of entomopathogenic fungi (Ascomycota, Hypocreales) in epidemic populations of bark beetles (Coleoptera, Scolytinae) in spruce forests of the Tatra National Park in Slovakia. Annals of Forest Research, 64(1), 129-145."
343,Dendroctonus micans,Bacteria,Bacillus thuringiensis,,,,,,,,,,"Imnadze, 1978",1978,only English abstract,"Imnadze T.S. 1978. Characteristics of strains of Bacillus thuringiensis serotype I isolated from bark beetles in Georgia. Soobshcheniya Akademii Nauk Gruzinskoi SSR 92, 457-60. In: Review of Applied Entomology, Ser. A, Vol. 68, 1980, no. 2616, p. 328."
344,Ips typographus,Bacteria,Bacillus thuringiensis,,,,,,,,,,"Imnadze, 1978",1978,only English abstract,"Imnadze T.S. 1978. Characteristics of strains of Bacillus thuringiensis serotype I isolated from bark beetles in Georgia. Soobshcheniya Akademii Nauk Gruzinskoi SSR 92, 457-60. In: Review of Applied Entomology, Ser. A, Vol. 68, 1980, no. 2616, p. 328."
345,Ips typographus,Fungi,Beauveria bassiana,Slovakia,,field,,,cuticular contact,,,pathogenicity test,"Jakus and Blazenec, 2011",2011,full text,"Jakus, R., & Blazenec, M. (2011). Treatment of bark beetle attacked trees with entomopathogenic fungus Beauveria bassiana (Balsamo) Vuillemin. Folia Forestalia Polonica. Series A. Forestry, 53(2)."
346,Ips sexdentatus,Fungi,Beauveria bassiana,Latvia,,,,,,isolated from infected beetle,,,"Jankevica, 2004",2004,full text,"Jankevica, LĪGA. (2004). Ecological associations between entomopathogenic fungi and pest insects recorded in Latvia. Latvijas entomologs, 41, 60-65."
347,Tomicus minor,Fungi,Beauveria bassiana,Latvia,,,,,,isolated from infected beetle,,,"Jankevica, 2004",2004,full text,"Jankevica, LĪGA. (2004). Ecological associations between entomopathogenic fungi and pest insects recorded in Latvia. Latvijas entomologs, 41, 60-65."
348,Scolytus scolytus,Bacteria,Bacillus thuringiensis,,,laboratory,,,cuticular contact,culture collection,,pathogenicity test,"Jassim et al., 1990",1990,full text,"Jassim H.K., H.A. Foster & C.P. Fairhurst 1990. Biological control of Dutch elm disease: Bacillus thuringiensis as a potential control agent for Scolytus scolytus and S. multistriatus. Journal of Applied Bacteriology 69, 563-68."
349,Scolytus multistriatus,Bacteria,Bacillus thuringiensis,,,laboratory,,,cuticular contact,culture collection,,pathogenicity test,"Jassim et al., 1990",1990,full text,"Jassim H.K., H.A. Foster & C.P. Fairhurst 1990. Biological control of Dutch elm disease: Bacillus thuringiensis as a potential control agent for Scolytus scolytus and S. multistriatus. Journal of Applied Bacteriology 69, 563-68."
350,Ips calligraphus,Bacteria,Serratia marcescens,United States,,,,,,,,,"Jouvenaz and Wilkinson, 1970",1970,full text,"Jouvenaz D.P. & R.C. Wilkinson 1970. Incidence of Serratia marcescens in Wild Ips calligraphus Populations in Florida. Journal of Invertebrate Pathology 16, 295-96."
351,Orthotomicus laricis,Fungi,Beauveria bassiana,Slovenia,,,,,,isolated from cadaver,,,"Jurc, 2004",2004,full text,"Jurc, M. (2004). insect pathogens with special reference to pathogens of bark beetles (COL. Solytidae: Ips typographus L.): preliminary results of isolation of entomopathogenic fungi from two spruce bark beetles in Slovenia. Zbornik gozdarstva in lesarstva. forest and wood science & technology, 74, 97-124."
352,Dryocoetes autographus,Fungi,Beauveria bassiana,Slovenia,,,,,,isolated from cadaver,,,"Jurc, 2004",2004,full text,"Jurc, M. (2004). insect pathogens with special reference to pathogens of bark beetles (COL. Solytidae: Ips typographus L.): preliminary results of isolation of entomopathogenic fungi from two spruce bark beetles in Slovenia. Zbornik gozdarstva in lesarstva. forest and wood science & technology, 74, 97-124."
353,Ips typographus,Fungi,Beauveria bassiana,,,,,,,,,,Karpinski 1935,1935,non full-text ,"Karpinski J.J. 1935. Les causes qui limitent la reproduction de Bostryches typographes (Ips typographus L. et Ips duplicatus Sahlb.) dans la foret primitive. Inst.Rech.Forets doman., Trav., Compt.rend., Ser. A, Warszawa 15, 1-86, cit. in: Müller-Kögler E. 1965. Pilzkrankheiten bei Insekten. P. Parey."
354,Ips typographus,Fungi,Metarhizium anisopliae,Switzerland,,,,,,,,,"Keller et al., 2004",2004,,"Keller, S., Epper, C., & Wermelinger, B. (2004). Metarhizium anisopliae as a new pathogen of the spruce bark beetle Ips typographus."
355,Ips typographus,Fungi,Beauveria bassiana,Switzerland,,,,,,,,,"Keller et al., 2004",2004,,"Keller, S., Epper, C., & Wermelinger, B. (2004). Metarhizium anisopliae as a new pathogen of the spruce bark beetle Ips typographus."
356,Xylosandrus germanus,Nematode,Steinernema feltiae,Turkey,,laboratory,,,,culture collection,,pathogenicity test,"Kepenekci et al., 2018",2018,full text,"Kepenekci, I., Toksöz, S., Atay, T., & Saruhan, I. (2018). Efficacyof of entomopathogenic nematode isolates from Turkey and Kyrgyzstan against black timber bark beetle, Xylosandrus germanus (Blandford)(Coleoptera: Curculionidae: Scolytinae) adults. Pakistan Journal of Nematology, 36(1), 65-70."
357,Xylosandrus germanus,Nematode,Steinernema carpocapsae,Turkey,,laboratory,,,,culture collection,,pathogenicity test,"Kepenekci et al., 2018",2018,full text,"Kepenekci, I., Toksöz, S., Atay, T., & Saruhan, I. (2018). Efficacyof of entomopathogenic nematode isolates from Turkey and Kyrgyzstan against black timber bark beetle, Xylosandrus germanus (Blandford)(Coleoptera: Curculionidae: Scolytinae) adults. Pakistan Journal of Nematology, 36(1), 65-70."
358,Xylosandrus germanus,Nematode,Heterorhabditis bacteriophora,Turkey,,laboratory,,,,culture collection,,pathogenicity test,"Kepenekci et al., 2018",2018,full text,"Kepenekci, I., Toksöz, S., Atay, T., & Saruhan, I. (2018). Efficacyof of entomopathogenic nematode isolates from Turkey and Kyrgyzstan against black timber bark beetle, Xylosandrus germanus (Blandford)(Coleoptera: Curculionidae: Scolytinae) adults. Pakistan Journal of Nematology, 36(1), 65-70."
359,Xylosandrus germanus,Nematode,Steinernema feltiae,Kyrgyzstan,,laboratory,,,,culture collection,,pathogenicity test,"Kepenekci et al., 2018",2018,full text,"Kepenekci, I., Toksöz, S., Atay, T., & Saruhan, I. (2018). Efficacyof of entomopathogenic nematode isolates from Turkey and Kyrgyzstan against black timber bark beetle, Xylosandrus germanus (Blandford)(Coleoptera: Curculionidae: Scolytinae) adults. Pakistan Journal of Nematology, 36(1), 65-70."
360,Xylosandrus germanus,Nematode,Steinernema carpocapsae,Kyrgyzstan,,laboratory,,,,culture collection,,pathogenicity test,"Kepenekci et al., 2018",2018,full text,"Kepenekci, I., Toksöz, S., Atay, T., & Saruhan, I. (2018). Efficacyof of entomopathogenic nematode isolates from Turkey and Kyrgyzstan against black timber bark beetle, Xylosandrus germanus (Blandford)(Coleoptera: Curculionidae: Scolytinae) adults. Pakistan Journal of Nematology, 36(1), 65-70."
361,Polygraphus proximus,Fungi,Beauveria bassiana,Russia,pathogen,laboratory,,molecular,cuticular contact,isolated from cadaver,,pathogenicity test,"Kerchev et al., 2017",2017,full text,"Kerchev, I. A., Kryukov, V. Y., Yaroslavtseva, O. N., Polovinko, G. P., Tokarev, Y. S., & Glupov, V. V. (2017). The first data on fungal pathogens (ascomycota, hypocreales) in the invasive populations of four-eyed fir bark beetle Polygraphus proximus Blandf. Russian journal of biological invasions, 8(1), 34-40."
362,Polygraphus proximus,Fungi,Beauveria pseudobassiana,Russia,pathogen,,,molecular,,isolated from cadaver,,,"Kerchev et al., 2017",2017,full text,"Kerchev, I. A., Kryukov, V. Y., Yaroslavtseva, O. N., Polovinko, G. P., Tokarev, Y. S., & Glupov, V. V. (2017). The first data on fungal pathogens (ascomycota, hypocreales) in the invasive populations of four-eyed fir bark beetle Polygraphus proximus Blandf. Russian journal of biological invasions, 8(1), 34-40."
363,Polygraphus proximus,Fungi,Isaria farinosa,Russia,pathogen,laboratory,,morphological,cuticular contact,isolated from cadaver,,pathogenicity test,"Kerchev et al., 2017",2017,full text,"Kerchev, I. A., Kryukov, V. Y., Yaroslavtseva, O. N., Polovinko, G. P., Tokarev, Y. S., & Glupov, V. V. (2017). The first data on fungal pathogens (ascomycota, hypocreales) in the invasive populations of four-eyed fir bark beetle Polygraphus proximus Blandf. Russian journal of biological invasions, 8(1), 34-40."
364,Polygraphus proximus,Fungi,Lecanicillium attenuatum,Russia,pathogen,,,molecular,,isolated from cadaver,,,"Kerchev et al., 2017",2017,full text,"Kerchev, I. A., Kryukov, V. Y., Yaroslavtseva, O. N., Polovinko, G. P., Tokarev, Y. S., & Glupov, V. V. (2017). The first data on fungal pathogens (ascomycota, hypocreales) in the invasive populations of four-eyed fir bark beetle Polygraphus proximus Blandf. Russian journal of biological invasions, 8(1), 34-40."
365,Ips typographus,Protist,Gregarina typographi,Georgia,,,,,,evaluation of pathogens from beetles,,,"Kereselidze and Wegensteiner, 2007",2007,full text,"Kereselidze, M., & Wegensteiner, R. (2007). Occurrence of pathogens and parasites in Ips typographus L. from spruce stands (Picea orientalis L.) in Georgia. IOBC wprs Bulletin, 30(1), 207."
366,Ips typographus,Nematode,Contortylenchus diplogaster,Georgia,,,,,hemocoel,evaluation of pathogens from beetles,,,"Kereselidze and Wegensteiner, 2007",2007,full text,"Kereselidze, M., & Wegensteiner, R. (2007). Occurrence of pathogens and parasites in Ips typographus L. from spruce stands (Picea orientalis L.) in Georgia. IOBC wprs Bulletin, 30(1), 207."
367,Ips typographus,Fungi,un identified entomopathogenic fungus,Georgia,,,,,,evaluation of pathogens from beetles,,,"Kereselidze and Wegensteiner, 2007",2007,full text,"Kereselidze, M., & Wegensteiner, R. (2007). Occurrence of pathogens and parasites in Ips typographus L. from spruce stands (Picea orientalis L.) in Georgia. IOBC wprs Bulletin, 30(1), 207."
368,Ips typographus,Microsporidia,Chytridiopsis typographi,Georgia,,,,,,,,,"Kereselidze et al., 2010",2010,full text,"Kereselidze, M., Wegensteiner, R., Goginashvili, N., Tvaradze, M., & Pilarska, D. (2010). Further studies on the occurrence of natural enemies of Ips typographus (Coleoptera: Curculionidae: Scolytinae) in Georgia. Acta zool. bulg, 62(2), 131-139."
369,Ips typographus,Protist,Gregarina typographi,Georgia,,,,,,,,,"Kereselidze et al., 2010",2010,full text,"Kereselidze, M., Wegensteiner, R., Goginashvili, N., Tvaradze, M., & Pilarska, D. (2010). Further studies on the occurrence of natural enemies of Ips typographus (Coleoptera: Curculionidae: Scolytinae) in Georgia. Acta zool. bulg, 62(2), 131-139."
370,Ips typographus,Fungi,Fusarium sp.,Georgia,,,,,,,,,"Kereselidze et al., 2010",2010,full text,"Kereselidze, M., Wegensteiner, R., Goginashvili, N., Tvaradze, M., & Pilarska, D. (2010). Further studies on the occurrence of natural enemies of Ips typographus (Coleoptera: Curculionidae: Scolytinae) in Georgia. Acta zool. bulg, 62(2), 131-139."
371,Ips typographus,Nematode,Contortylenchus diplogaster,Georgia,,,,,,,,,"Kereselidze et al., 2010",2010,full text,"Kereselidze, M., Wegensteiner, R., Goginashvili, N., Tvaradze, M., & Pilarska, D. (2010). Further studies on the occurrence of natural enemies of Ips typographus (Coleoptera: Curculionidae: Scolytinae) in Georgia. Acta zool. bulg, 62(2), 131-139."
372,Ips stebbingi,Fungi,Beauveria bassiana,India,pathogen,laboratory,,,cuticular contact,commercial strain,,virulence test,"Khanday et al., 2018",2018,full text,"Khanday, A. L., Buhroo, A. A., Ranjith, A. P., & Kerchev, I. A. (2018). Evaluating the efficacy of entomopathogenic fungi against the bark beetle, Ips stebbingi Strohmeyer (Coleoptera, Curculionidae: Scolytinae) in India. Entomological Review, 98(8), 985-994."
373,Ips stebbingi,Fungi,Lecanicillium lecanii,India,pathogen,laboratory,,,cuticular contact,commercial strain,,virulence test,"Khanday et al., 2018",2018,full text,"Khanday, A. L., Buhroo, A. A., Ranjith, A. P., & Kerchev, I. A. (2018). Evaluating the efficacy of entomopathogenic fungi against the bark beetle, Ips stebbingi Strohmeyer (Coleoptera, Curculionidae: Scolytinae) in India. Entomological Review, 98(8), 985-994."
374,Ips stebbingi,Fungi,Metarhizium anisopliae,India,pathogen,laboratory,,,cuticular contact,commercial strain,,virulence test,"Khanday et al., 2018",2018,full text,"Khanday, A. L., Buhroo, A. A., Ranjith, A. P., & Kerchev, I. A. (2018). Evaluating the efficacy of entomopathogenic fungi against the bark beetle, Ips stebbingi Strohmeyer (Coleoptera, Curculionidae: Scolytinae) in India. Entomological Review, 98(8), 985-994."
375,Polygraphus major,Fungi,Beauveria bassiana,India,pathogen,laboratory,,,cuticular contact,commercial strain,,virulence test,"Khanday et al., 2018",2018,full text,"Khanday, A. L., & Buhroo, A. A. (2018). An assessment of biological control of Polygraphus major Stebbing, 1903 (Coleoptera: Curculionidae) by entomopathogenic fungi. Journal of Forest Science, 64(4), 178-186."
376,Polygraphus major,Fungi,Lecanicillium lecanii,India,pathogen,laboratory,,,cuticular contact,commercial strain,,virulence test,"Khanday et al., 2018",2018,full text,"Khanday, A. L., & Buhroo, A. A. (2018). An assessment of biological control of Polygraphus major Stebbing, 1903 (Coleoptera: Curculionidae) by entomopathogenic fungi. Journal of Forest Science, 64(4), 178-186."
377,Polygraphus major,Fungi,Metarhizium anisopliae,India,pathogen,laboratory,,,cuticular contact,commercial strain,,virulence test,"Khanday et al., 2018",2018,full text,"Khanday, A. L., & Buhroo, A. A. (2018). An assessment of biological control of Polygraphus major Stebbing, 1903 (Coleoptera: Curculionidae) by entomopathogenic fungi. Journal of Forest Science, 64(4), 178-186."
378,Pityogenes scitus,Fungi,Beauveria bassiana,India,pathogen,laboratory,,,cuticular contact,commercial strain,,virulence test,"Khanday et al., 2018",2018,full text,"Khanday, A. L., Buhroo, A. A., Ranjith, A. P., & Mazur, S. (2018). Laboratory evaluation of entomopathogenic fungi as biological control agents against the bark beetle Pityogenes scitus Blandford (Coleoptera: Curculionidae) in Kashmir. Folia Forestalia Polonica. Series A. Forestry, 60(2)."
379,Pityogenes scitus,Fungi,Lecanicillium lecanii,India,pathogen,laboratory,,,cuticular contact,commercial strain,,virulence test,"Khanday et al., 2018",2018,full text,"Khanday, A. L., Buhroo, A. A., Ranjith, A. P., & Mazur, S. (2018). Laboratory evaluation of entomopathogenic fungi as biological control agents against the bark beetle Pityogenes scitus Blandford (Coleoptera: Curculionidae) in Kashmir. Folia Forestalia Polonica. Series A. Forestry, 60(2)."
380,Pityogenes scitus,Fungi,Metarhizium anisopliae,India,pathogen,laboratory,,,cuticular contact,commercial strain,,virulence test,"Khanday et al., 2018",2018,full text,"Khanday, A. L., Buhroo, A. A., Ranjith, A. P., & Mazur, S. (2018). Laboratory evaluation of entomopathogenic fungi as biological control agents against the bark beetle Pityogenes scitus Blandford (Coleoptera: Curculionidae) in Kashmir. Folia Forestalia Polonica. Series A. Forestry, 60(2)."
381,Dendroctonus frontalis,Nematode,Contortylenchus brevicomi,,parasite,,,,,,,,"Kinn and Stephen, 1981",1981,full text,"Kinn, D. N., & Stephen, F. M. (1981). The incidence of endoparasitism of Dendroctonus frontalis Zimm.(Coleoptera: Scolytidae) by Contortylenchus brevicomi (Massey) Rühm (Nematoda: Sphaerulariidae) 1. Zeitschrift für Angewandte Entomologie, 91(1‐5), 452-458."
382,Dryocoetes autographus,Protist,Malamoeba scolyti,Germany,parasite,,,,,,,,"Kirchhoff and Führer, 1985",1985,full text,"Kirchhoff J.-F. & E. Führer 1985. Häufigkeit und Verbreitung von Malamoeba scolyti Purrini bei Dryocoetes autographus in einigen Gebieten Nord- und Nordwestdeutschlands. Forstwissenschaftliches Centralblatt 104, 373-80."
383,Hylurgops palliatus,Protist,Malamoeba scolyti,Germany,parasite,,,,,,,,"Kirchhoff and Führer, 1985",1985,full text,"Kirchhoff J.-F. & E. Führer 1985. Häufigkeit und Verbreitung von Malamoeba scolyti Purrini bei Dryocoetes autographus in einigen Gebieten Nord- und Nordwestdeutschlands. Forstwissenschaftliches Centralblatt 104, 373-80."
384,Dryocoetes autographus,Protist,Malamoeba scolyti,,parasite,,,,,,,,"Kirchhoff and Führer, 1990",1990,full text,"Kirchhoff J.-F. & E. Führer 1990. Experimentelle Analyse der Infektion und des Entwicklungszyklus von Malamoeba scolyti in Dryocoetes autographus (Coleoptera: Scolytidae). Entomophaga 35 (4), 537-44."
385,Crypturgus pusillus,Fungi,Beauveria caledonica,Europe,pathogen,,,,,detected from beetle,,,"Kirschner, 2001",2001,,"Kirschner R. 2001. Diversity of Filamentous Fungi in Bark Beetle Galleries in Central Europe. In: Trichomycetes and Other Fungal Groups: Professor Robert W. Lichtwardt Commemoration Volume, Editors-J. K. Misra and Bruce W. Horn, Science Publishers, Inc., Enfield (NH), USA, 175-96."
386,Dryocoetes autographus,Fungi,Beauveria caledonica,Europe,pathogen,,,,,detected from beetle,,,"Kirschner, 2001",2001,,"Kirschner R. 2001. Diversity of Filamentous Fungi in Bark Beetle Galleries in Central Europe. In: Trichomycetes and Other Fungal Groups: Professor Robert W. Lichtwardt Commemoration Volume, Editors-J. K. Misra and Bruce W. Horn, Science Publishers, Inc., Enfield (NH), USA, 175-96."
387,Hylurgops palliatus,Fungi,Beauveria caledonica,Europe,pathogen,,,,,detected from beetle,,,"Kirschner, 2001",2001,,"Kirschner R. 2001. Diversity of Filamentous Fungi in Bark Beetle Galleries in Central Europe. In: Trichomycetes and Other Fungal Groups: Professor Robert W. Lichtwardt Commemoration Volume, Editors-J. K. Misra and Bruce W. Horn, Science Publishers, Inc., Enfield (NH), USA, 175-96."
388,Ips typographus,Fungi,Beauveria caledonica,Europe,pathogen,,,,,detected from beetle,,,"Kirschner, 2001",2001,,"Kirschner R. 2001. Diversity of Filamentous Fungi in Bark Beetle Galleries in Central Europe. In: Trichomycetes and Other Fungal Groups: Professor Robert W. Lichtwardt Commemoration Volume, Editors-J. K. Misra and Bruce W. Horn, Science Publishers, Inc., Enfield (NH), USA, 175-96."
389,Orthotomicus laricis,Fungi,Beauveria caledonica,Europe,pathogen,,,,,detected from beetle,,,"Kirschner, 2001",2001,,"Kirschner R. 2001. Diversity of Filamentous Fungi in Bark Beetle Galleries in Central Europe. In: Trichomycetes and Other Fungal Groups: Professor Robert W. Lichtwardt Commemoration Volume, Editors-J. K. Misra and Bruce W. Horn, Science Publishers, Inc., Enfield (NH), USA, 175-96."
390,Pityogenes chalcographus,Fungi,Beauveria caledonica,Europe,pathogen,,,,,detected from beetle,,,"Kirschner, 2001",2001,,"Kirschner R. 2001. Diversity of Filamentous Fungi in Bark Beetle Galleries in Central Europe. In: Trichomycetes and Other Fungal Groups: Professor Robert W. Lichtwardt Commemoration Volume, Editors-J. K. Misra and Bruce W. Horn, Science Publishers, Inc., Enfield (NH), USA, 175-96."
391,Polygraphus poligraphus,Fungi,Beauveria caledonica,Europe,pathogen,,,,,detected from beetle,,,"Kirschner, 2001",2001,,"Kirschner R. 2001. Diversity of Filamentous Fungi in Bark Beetle Galleries in Central Europe. In: Trichomycetes and Other Fungal Groups: Professor Robert W. Lichtwardt Commemoration Volume, Editors-J. K. Misra and Bruce W. Horn, Science Publishers, Inc., Enfield (NH), USA, 175-96."
392,Cryphalus piceae,Fungi,Beauveria bassiana,Europe,pathogen,,,,,detected from beetle,,,"Kirschner, 2001",2001,,"Kirschner R. 2001. Diversity of Filamentous Fungi in Bark Beetle Galleries in Central Europe. In: Trichomycetes and Other Fungal Groups: Professor Robert W. Lichtwardt Commemoration Volume, Editors-J. K. Misra and Bruce W. Horn, Science Publishers, Inc., Enfield (NH), USA, 175-96."
393,Crypturgus cinereus,Fungi,Beauveria bassiana,Europe,pathogen,,,,,detected from beetle,,,"Kirschner, 2001",2001,,"Kirschner R. 2001. Diversity of Filamentous Fungi in Bark Beetle Galleries in Central Europe. In: Trichomycetes and Other Fungal Groups: Professor Robert W. Lichtwardt Commemoration Volume, Editors-J. K. Misra and Bruce W. Horn, Science Publishers, Inc., Enfield (NH), USA, 175-96."
394,Crypturgus pusillus,Fungi,Beauveria bassiana,Europe,pathogen,,,,,detected from beetle,,,"Kirschner, 2001",2001,,"Kirschner R. 2001. Diversity of Filamentous Fungi in Bark Beetle Galleries in Central Europe. In: Trichomycetes and Other Fungal Groups: Professor Robert W. Lichtwardt Commemoration Volume, Editors-J. K. Misra and Bruce W. Horn, Science Publishers, Inc., Enfield (NH), USA, 175-96."
395,Dryocoetes autographus,Fungi,Beauveria bassiana,Europe,pathogen,,,,,detected from beetle,,,"Kirschner, 2001",2001,,"Kirschner R. 2001. Diversity of Filamentous Fungi in Bark Beetle Galleries in Central Europe. In: Trichomycetes and Other Fungal Groups: Professor Robert W. Lichtwardt Commemoration Volume, Editors-J. K. Misra and Bruce W. Horn, Science Publishers, Inc., Enfield (NH), USA, 175-96."
396,Hylurgops palliatus,Fungi,Beauveria bassiana,Europe,pathogen,,,,,detected from beetle,,,"Kirschner, 2001",2001,,"Kirschner R. 2001. Diversity of Filamentous Fungi in Bark Beetle Galleries in Central Europe. In: Trichomycetes and Other Fungal Groups: Professor Robert W. Lichtwardt Commemoration Volume, Editors-J. K. Misra and Bruce W. Horn, Science Publishers, Inc., Enfield (NH), USA, 175-96."
397,Ips sexdentatus,Fungi,Beauveria bassiana,Europe,pathogen,,,,,detected from beetle,,,"Kirschner, 2001",2001,,"Kirschner R. 2001. Diversity of Filamentous Fungi in Bark Beetle Galleries in Central Europe. In: Trichomycetes and Other Fungal Groups: Professor Robert W. Lichtwardt Commemoration Volume, Editors-J. K. Misra and Bruce W. Horn, Science Publishers, Inc., Enfield (NH), USA, 175-96."
398,Ips typographus,Fungi,Beauveria bassiana,Europe,pathogen,,,,,detected from beetle,,,"Kirschner, 2001",2001,,"Kirschner R. 2001. Diversity of Filamentous Fungi in Bark Beetle Galleries in Central Europe. In: Trichomycetes and Other Fungal Groups: Professor Robert W. Lichtwardt Commemoration Volume, Editors-J. K. Misra and Bruce W. Horn, Science Publishers, Inc., Enfield (NH), USA, 175-96."
399,Hylesinus fraxini,Fungi,Beauveria bassiana,Europe,pathogen,,,,,detected from beetle,,,"Kirschner, 2001",2001,,"Kirschner R. 2001. Diversity of Filamentous Fungi in Bark Beetle Galleries in Central Europe. In: Trichomycetes and Other Fungal Groups: Professor Robert W. Lichtwardt Commemoration Volume, Editors-J. K. Misra and Bruce W. Horn, Science Publishers, Inc., Enfield (NH), USA, 175-96."
400,Orthotomicus laricis,Fungi,Beauveria bassiana,Europe,pathogen,,,,,detected from beetle,,,"Kirschner, 2001",2001,,"Kirschner R. 2001. Diversity of Filamentous Fungi in Bark Beetle Galleries in Central Europe. In: Trichomycetes and Other Fungal Groups: Professor Robert W. Lichtwardt Commemoration Volume, Editors-J. K. Misra and Bruce W. Horn, Science Publishers, Inc., Enfield (NH), USA, 175-96."
401,Pityogenes chalcographus,Fungi,Beauveria bassiana,Europe,pathogen,,,,,detected from beetle,,,"Kirschner, 2001",2001,,"Kirschner R. 2001. Diversity of Filamentous Fungi in Bark Beetle Galleries in Central Europe. In: Trichomycetes and Other Fungal Groups: Professor Robert W. Lichtwardt Commemoration Volume, Editors-J. K. Misra and Bruce W. Horn, Science Publishers, Inc., Enfield (NH), USA, 175-96."
402,Polygraphus poligraphus,Fungi,Beauveria bassiana,Europe,pathogen,,,,,detected from beetle,,,"Kirschner, 2001",2001,,"Kirschner R. 2001. Diversity of Filamentous Fungi in Bark Beetle Galleries in Central Europe. In: Trichomycetes and Other Fungal Groups: Professor Robert W. Lichtwardt Commemoration Volume, Editors-J. K. Misra and Bruce W. Horn, Science Publishers, Inc., Enfield (NH), USA, 175-96."
403,Trypodendron lineatum,Fungi,Beauveria bassiana,Europe,pathogen,,,,,detected from beetle,,,"Kirschner, 2001",2001,,"Kirschner R. 2001. Diversity of Filamentous Fungi in Bark Beetle Galleries in Central Europe. In: Trichomycetes and Other Fungal Groups: Professor Robert W. Lichtwardt Commemoration Volume, Editors-J. K. Misra and Bruce W. Horn, Science Publishers, Inc., Enfield (NH), USA, 175-96."
404,Ips sexdentatus,Fungi,Metschnikowia cf. typographi,Austria,,,,morphological and molecular,,detected from beetle,,,"Kleespies et al., 2017",2017,full text,"Kleespies, R. G., Lim, Y. W., Tkaczuk, C., Wrzosek, M., Steinwender, B. M., & Wegensteiner, R. (2017). Metschnikowia cf. typographi and other pathogens from the bark beetle Ips sexdentatus–Prevalence, histological and ultrastructural evidence, and molecular characterization. Journal of invertebrate pathology, 143, 69-78."
405,Ips sexdentatus,Protist,Gregarina typographi,Poland,,,,,,detected from beetle,,,"Kleespies et al., 2017",2017,full text,"Kleespies, R. G., Lim, Y. W., Tkaczuk, C., Wrzosek, M., Steinwender, B. M., & Wegensteiner, R. (2017). Metschnikowia cf. typographi and other pathogens from the bark beetle Ips sexdentatus–Prevalence, histological and ultrastructural evidence, and molecular characterization. Journal of invertebrate pathology, 143, 69-78."
406,Ips sexdentatus,Fungi,Beauveria bassiana,Austria,,,,morphological,,detected from beetle,,,"Kleespies et al., 2017",2017,full text,"Kleespies, R. G., Lim, Y. W., Tkaczuk, C., Wrzosek, M., Steinwender, B. M., & Wegensteiner, R. (2017). Metschnikowia cf. typographi and other pathogens from the bark beetle Ips sexdentatus–Prevalence, histological and ultrastructural evidence, and molecular characterization. Journal of invertebrate pathology, 143, 69-78."
407,Ips sexdentatus,Protist,Gregarina typographi,Poland,,,,,,detected from beetle,,,"Kleespies et al., 2017",2017,full text,"Kleespies, R. G., Lim, Y. W., Tkaczuk, C., Wrzosek, M., Steinwender, B. M., & Wegensteiner, R. (2017). Metschnikowia cf. typographi and other pathogens from the bark beetle Ips sexdentatus–Prevalence, histological and ultrastructural evidence, and molecular characterization. Journal of invertebrate pathology, 143, 69-78."
408,Ips sexdentatus,Protist,Gregarina typographi,Austria,,,,,,detected from beetle,,,"Kleespies et al., 2017",2017,full text,"Kleespies, R. G., Lim, Y. W., Tkaczuk, C., Wrzosek, M., Steinwender, B. M., & Wegensteiner, R. (2017). Metschnikowia cf. typographi and other pathogens from the bark beetle Ips sexdentatus–Prevalence, histological and ultrastructural evidence, and molecular characterization. Journal of invertebrate pathology, 143, 69-78."
409,Polygraphus poligraphus,Nematode,Anguillulina orta,Germany,,,,,,,,,"Kleine, 1944",1944,full text,"Kleine, R. (1944). Die europäischen Borkenkäfer und die bei ihnen lebenden Räuber Parasiten und Commensalen.(Ipidae). Publications of famous biologists-a collection of prints."
410,Xyleborus dispar,Nematode,Anguillonema pinguicauda,Germany,,,,,,,,,"Kleine, 1944",1944,full text,"Kleine, R. (1944). Die europäischen Borkenkäfer und die bei ihnen lebenden Räuber Parasiten und Commensalen.(Ipidae). Publications of famous biologists-a collection of prints."
411,Polygraphus poligraphus,Nematode,Anguillonema pinguicauda,Germany,,,,,,,,,"Kleine, 1944",1944,full text,"Kleine, R. (1944). Die europäischen Borkenkäfer und die bei ihnen lebenden Räuber Parasiten und Commensalen.(Ipidae). Publications of famous biologists-a collection of prints."
412,Ips typographus,Protist,Telosporidium typographi,Germany,,,,,,,,,"Kleine, 1944",1944,full text,"Kleine, R. (1944). Die europäischen Borkenkäfer und die bei ihnen lebenden Räuber Parasiten und Commensalen.(Ipidae). Publications of famous biologists-a collection of prints."
413,Pityogenes chalcographus,Protist,Telosporidium chalcographi,Germany,,,,,,,,,"Kleine, 1944",1944,full text,"Kleine, R. (1944). Die europäischen Borkenkäfer und die bei ihnen lebenden Räuber Parasiten und Commensalen.(Ipidae). Publications of famous biologists-a collection of prints."
414,Dendroctonus frontalis,Microsporidia,Unikaryon minutum,United States,parasite,,,,malpighian tubules; fat body; midgut,,,,"Knell and Allen, 1978",1978,full text,"Knell J.D. & G.E. Allen 1978. Morphology and Ultrastructure of Unikaryon minutum sp.n. (Microsporidia: Protozoa), a Parasite of the Southern Pine Beetle, Dendroctonus frontalis. Acta Protozoologica 17, 271-78."
415,Dendroctonus micans,Fungi,Beauveria pseudobassiana,Turkey,pathogen,laboratory,,morphological and molecular,cuticular contact,culture collection,,virulence test,"Kocacevik et al., 2015",2015,full text,"Kocacevik, S., Sevim, A., Eroglu, M., Demirbag, Z. İ. H. N. İ., & Demir, I. (2015). Molecular characterization, virulence and horizontal transmission of B eauveria pseudobassiana from D endroctonus micans (K ug.)(C oleoptera: C urculionidae). Journal of Applied Entomology, 139(5), 381-389."
416,Ips sexdentatus,Fungi,Beauveria pseudobassiana,Turkey,pathogen,laboratory,,morphological and molecular,cuticular contact,culture collection,,virulence test,"Kocacevik et al., 2016",2016,full text,"Kocacevik, S., Sevim, A., Eroğlu, M., Demirbağ, Z., & Demir, I. (2016). Virulence and horizontal transmission of Beauveria pseudobassiana SA Rehner & Humber in Ips sexdentatus and Ips typographus (Coleoptera: Curculionidae). Turkish Journal of Agriculture and Forestry, 40(2), 241-248."
417,Tomicus piniperda,Microsporidia,Canningia tomici,,,,,,midgut epithelium; malpighian tubules; gut muscules; gonads,,,,"Kohlmayr et al., 2003",2003,full text,"Kohlmayr B., J. Weiser, R. Wegensteiner, U. Händel & Z. Zizka 2003. Infection of Tomicus piniperda (Col., Scolytidae) with Canningia tomici sp.n. (Microsporidia, Unikaryonidae). Journal of Pest Science 76, 65-73."
418,Tomicus piniperda,Fungi,Beauveria bassiana,Latvia,pathogen,laboratory,,,cuticular contact,,,pathogenicity test; resistance test,"Krams et al., 2012",2012,full text,"Krams, I., Daukšte, J., Kivleniece, I., Brūmelis, G., Cibuļskis, R., Āboliņš-Ābols, M., ... & Krama, T. (2012). Drought-induced positive feedback in xylophagous insects: Easier invasion of Scots pine leading to greater investment in immunity of emerging individuals. Forest Ecology and Management, 270, 147-152."
419,Dendroctonus ponderosae,Virus,Gemycircularvirus sp.,United States,occurrence survey,,,,,,,,"Kraberger et al., 2018",2018,full text,"Kraberger, S., Hofstetter, R. W., Potter, K. A., & Varsani, A. (2018). Genomoviruses associated with mountain and western pine beetles. Virus research, 256, 17-20."
420,Dendroctonus ponderosae,Virus,Gemykibivirus sp.,United States,occurrence survey,,,,,,,,"Kraberger et al., 2018",2018,full text,"Kraberger, S., Hofstetter, R. W., Potter, K. A., & Varsani, A. (2018). Genomoviruses associated with mountain and western pine beetles. Virus research, 256, 17-20."
421,Ips typographus,Fungi,Beauveria bassiana,,,,,,,,,,"Kreutz et al., 2000a",2000,non full-text ,"Kreutz J., G. Zimmermann, H. Marohn, O. Vaupel & G. Mosbacher 2000a. Möglichkeiten des Einsatzes von Beauveria bassiana (Bals.) Vuill. und anderen Kontrollmethoden zur biologischen Bekämpfung des Buchdruckers Ips typographus L. (Col., Scolytidae) im Freiland. Mitteilungen der Deutschen Gesellschaft für allgemeine und angewandte Entomologie 12, 119-25."
422,Ips typographus,Fungi,Beauveria bassiana,Germany,,laboratory,,,,,,pathogenicity test,"Kreutz et al., 2000b",2000,only English abstract,"Kreutz J., G. Zimmermann, H. Marohn, O. Vaupel & G. Mosbacher 2000b. Preliminary investigations on the use of Beauveria bassiana (Bals.) Vuill. and other control methods against the bark beetle Ips typographus (Col., Scolytidae) in the field. IOBC/wprs Bulletin 23 (2), 167-73."
423,Ips typographus,Fungi,Beauveria bassiana,,,laboratory,,,,commercial strain; isolated from beetle,,virulence test,"Kreutz et al., 2004",2004,full text,"Kreutz, J., Vaupel, O., & Zimmermann, G. (2004). Efficacy of Beauveria bassiana (Bals.) Vuill. against the spruce bark beetle, Ips typographus L., in the laboratory under various conditions. Journal of Applied Entomology, 128(6), 384-389."
424,Ips typographus,Fungi,Beauveria bassiana,Germany,pathogen,laboratory and field,,,cuticular contact,commercial strain,,transmission test,"Kreutz et al., 2010",2010,full text,"Kreutz, J., Zimmermann, G., & Vaupel, O. (2004). Horizontal transmission of the entomopathogenic fungus Beauveria bassiana among the spruce bark beetle, Ips typographus (Col., Scolytidae) in the laboratory and under field conditions. Biocontrol Science and Technology, 14(8), 837-848."
425,Xylosandrus germanus,Fungi,Isaria fumosorosea,Turkey,,laboratory,,,cuticular contact,culture collection; isolated from Hyphantria cunea,,virulence test,"Kushiyev et al., 2018",2018,full text,"Kushiyev, R., Tuncer, C., Erper, I., Ozdemir, I. O., & Saruhan, I. (2018). Efficacy of native entomopathogenic fungus, Isaria fumosorosea, against bark and ambrosia beetles, Anisandrus dispar Fabricius and Xylosandrus germanus Blandford (Coleoptera: Curculionidae: Scolytinae). Egyptian Journal of Biological Pest Control, 28(1), 55."
426,Xyleborus dispar,Fungi,Isaria fumosorosea,Turkey,,laboratory,,,cuticular contact,culture collection; isolated from Hyphantria cunea,,virulence test,"Kushiyev et al., 2018",2018,full text,"Kushiyev, R., Tuncer, C., Erper, I., Ozdemir, I. O., & Saruhan, I. (2018). Efficacy of native entomopathogenic fungus, Isaria fumosorosea, against bark and ambrosia beetles, Anisandrus dispar Fabricius and Xylosandrus germanus Blandford (Coleoptera: Curculionidae: Scolytinae). Egyptian Journal of Biological Pest Control, 28(1), 55."
427,Xylosandrus germanus,Fungi,Beauveria bassiana,Turkey,pathogen,laboratory,,molecular,cuticular contact,isolated from cadaver and infected beetle,,virulence test,"Kushiyev et al., 2022",2022,full text,"Kushiyev, R., Tunçer, C., Özdemir, İ. O., Erper, İ., Kalendar, R., Alkan, M., & Özer, G. (2022). Molecular characterization of native entomopathogenic fungi from ambrosia beetles in hazelnut orchards of Turkey and evaluation of their in vitro efficacy. Insects, 13(9), 824."
428,Xyleborinus saxesenii,Fungi,Beauveria bassiana,Turkey,pathogen,laboratory,,molecular,cuticular contact,isolated from cadaver and infected beetle,,virulence test,"Kushiyev et al., 2022",2022,full text,"Kushiyev, R., Tunçer, C., Özdemir, İ. O., Erper, İ., Kalendar, R., Alkan, M., & Özer, G. (2022). Molecular characterization of native entomopathogenic fungi from ambrosia beetles in hazelnut orchards of Turkey and evaluation of their in vitro efficacy. Insects, 13(9), 824."
429,Xyleborus dispar,Fungi,Beauveria bassiana,Turkey,pathogen,laboratory,,molecular,cuticular contact,isolated from cadaver and infected beetle,,virulence test,"Kushiyev et al., 2022",2022,full text,"Kushiyev, R., Tunçer, C., Özdemir, İ. O., Erper, İ., Kalendar, R., Alkan, M., & Özer, G. (2022). Molecular characterization of native entomopathogenic fungi from ambrosia beetles in hazelnut orchards of Turkey and evaluation of their in vitro efficacy. Insects, 13(9), 824."
430,Xylosandrus germanus,Fungi,Beauveria pseudobassiana,Turkey,pathogen,laboratory,,molecular,cuticular contact,isolated from cadaver and infected beetle,,virulence test,"Kushiyev et al., 2022",2022,full text,"Kushiyev, R., Tunçer, C., Özdemir, İ. O., Erper, İ., Kalendar, R., Alkan, M., & Özer, G. (2022). Molecular characterization of native entomopathogenic fungi from ambrosia beetles in hazelnut orchards of Turkey and evaluation of their in vitro efficacy. Insects, 13(9), 824."
431,Xyleborinus saxesenii,Fungi,Beauveria pseudobassiana,Turkey,pathogen,laboratory,,molecular,cuticular contact,isolated from cadaver and infected beetle,,virulence test,"Kushiyev et al., 2022",2022,full text,"Kushiyev, R., Tunçer, C., Özdemir, İ. O., Erper, İ., Kalendar, R., Alkan, M., & Özer, G. (2022). Molecular characterization of native entomopathogenic fungi from ambrosia beetles in hazelnut orchards of Turkey and evaluation of their in vitro efficacy. Insects, 13(9), 824."
432,Xyleborus dispar,Fungi,Beauveria pseudobassiana,Turkey,pathogen,laboratory,,molecular,cuticular contact,isolated from cadaver and infected beetle,,virulence test,"Kushiyev et al., 2022",2022,full text,"Kushiyev, R., Tunçer, C., Özdemir, İ. O., Erper, İ., Kalendar, R., Alkan, M., & Özer, G. (2022). Molecular characterization of native entomopathogenic fungi from ambrosia beetles in hazelnut orchards of Turkey and evaluation of their in vitro efficacy. Insects, 13(9), 824."
433,Xylosandrus germanus,Fungi,Cordyceps fumosorosea,Turkey,pathogen,laboratory,,molecular,cuticular contact,isolated from cadaver and infected beetle,,virulence test,"Kushiyev et al., 2022",2022,full text,"Kushiyev, R., Tunçer, C., Özdemir, İ. O., Erper, İ., Kalendar, R., Alkan, M., & Özer, G. (2022). Molecular characterization of native entomopathogenic fungi from ambrosia beetles in hazelnut orchards of Turkey and evaluation of their in vitro efficacy. Insects, 13(9), 824."
434,Xyleborinus saxesenii,Fungi,Cordyceps fumosorosea,Turkey,pathogen,laboratory,,molecular,cuticular contact,isolated from cadaver and infected beetle,,virulence test,"Kushiyev et al., 2022",2022,full text,"Kushiyev, R., Tunçer, C., Özdemir, İ. O., Erper, İ., Kalendar, R., Alkan, M., & Özer, G. (2022). Molecular characterization of native entomopathogenic fungi from ambrosia beetles in hazelnut orchards of Turkey and evaluation of their in vitro efficacy. Insects, 13(9), 824."
435,Xyleborus dispar,Fungi,Cordyceps fumosorosea,Turkey,pathogen,laboratory,,molecular,cuticular contact,isolated from cadaver and infected beetle,,virulence test,"Kushiyev et al., 2022",2022,full text,"Kushiyev, R., Tunçer, C., Özdemir, İ. O., Erper, İ., Kalendar, R., Alkan, M., & Özer, G. (2022). Molecular characterization of native entomopathogenic fungi from ambrosia beetles in hazelnut orchards of Turkey and evaluation of their in vitro efficacy. Insects, 13(9), 824."
436,Xyleborus dispar,Fungi,Cordyceps farinosa,Turkey,pathogen,laboratory,,molecular,cuticular contact,isolated from cadaver and infected beetle,,virulence test,"Kushiyev et al., 2022",2022,full text,"Kushiyev, R., Tunçer, C., Özdemir, İ. O., Erper, İ., Kalendar, R., Alkan, M., & Özer, G. (2022). Molecular characterization of native entomopathogenic fungi from ambrosia beetles in hazelnut orchards of Turkey and evaluation of their in vitro efficacy. Insects, 13(9), 824."
437,Xylosandrus germanus,Fungi,Akanthomyces lecanii,Turkey,pathogen,laboratory,,molecular,cuticular contact,isolated from cadaver and infected beetle,,virulence test,"Kushiyev et al., 2022",2022,full text,"Kushiyev, R., Tunçer, C., Özdemir, İ. O., Erper, İ., Kalendar, R., Alkan, M., & Özer, G. (2022). Molecular characterization of native entomopathogenic fungi from ambrosia beetles in hazelnut orchards of Turkey and evaluation of their in vitro efficacy. Insects, 13(9), 824."
438,Xyleborinus saxesenii,Fungi,Akanthomyces lecanii,Turkey,pathogen,laboratory,,molecular,cuticular contact,isolated from cadaver and infected beetle,,virulence test,"Kushiyev et al., 2022",2022,full text,"Kushiyev, R., Tunçer, C., Özdemir, İ. O., Erper, İ., Kalendar, R., Alkan, M., & Özer, G. (2022). Molecular characterization of native entomopathogenic fungi from ambrosia beetles in hazelnut orchards of Turkey and evaluation of their in vitro efficacy. Insects, 13(9), 824."
439,Xyleborus dispar,Fungi,Akanthomyces lecanii,Turkey,pathogen,laboratory,,molecular,cuticular contact,isolated from cadaver and infected beetle,,virulence test,"Kushiyev et al., 2022",2022,full text,"Kushiyev, R., Tunçer, C., Özdemir, İ. O., Erper, İ., Kalendar, R., Alkan, M., & Özer, G. (2022). Molecular characterization of native entomopathogenic fungi from ambrosia beetles in hazelnut orchards of Turkey and evaluation of their in vitro efficacy. Insects, 13(9), 824."
440,Xyleborus dispar,Fungi,Purpureocillium lilacinum,Turkey,pathogen,laboratory,,molecular,cuticular contact,isolated from cadaver and infected beetle,,virulence test,"Kushiyev et al., 2022",2022,full text,"Kushiyev, R., Tunçer, C., Özdemir, İ. O., Erper, İ., Kalendar, R., Alkan, M., & Özer, G. (2022). Molecular characterization of native entomopathogenic fungi from ambrosia beetles in hazelnut orchards of Turkey and evaluation of their in vitro efficacy. Insects, 13(9), 824."
441,Xylosandrus germanus,Fungi,Purpureocillium lilacinum,Turkey,pathogen,laboratory,,molecular,cuticular contact,isolated from cadaver and infected beetle,,virulence test,"Kushiyev et al., 2022",2022,full text,"Kushiyev, R., Tunçer, C., Özdemir, İ. O., Erper, İ., Kalendar, R., Alkan, M., & Özer, G. (2022). Molecular characterization of native entomopathogenic fungi from ambrosia beetles in hazelnut orchards of Turkey and evaluation of their in vitro efficacy. Insects, 13(9), 824."
442,Xyleborus dispar,Fungi,Clonostachys rosea,Turkey,pathogen,laboratory,,molecular,cuticular contact,isolated from cadaver and infected beetle,,virulence test,"Kushiyev et al., 2022",2022,full text,"Kushiyev, R., Tunçer, C., Özdemir, İ. O., Erper, İ., Kalendar, R., Alkan, M., & Özer, G. (2022). Molecular characterization of native entomopathogenic fungi from ambrosia beetles in hazelnut orchards of Turkey and evaluation of their in vitro efficacy. Insects, 13(9), 824."
443,Xylosandrus germanus,Fungi,Clonostachys rosea,Turkey,pathogen,laboratory,,molecular,cuticular contact,isolated from cadaver and infected beetle,,virulence test,"Kushiyev et al., 2022",2022,full text,"Kushiyev, R., Tunçer, C., Özdemir, İ. O., Erper, İ., Kalendar, R., Alkan, M., & Özer, G. (2022). Molecular characterization of native entomopathogenic fungi from ambrosia beetles in hazelnut orchards of Turkey and evaluation of their in vitro efficacy. Insects, 13(9), 824."
444,Xyleborus dispar,Fungi,Metarhizium anisopliae,Turkey,pathogen,laboratory,,molecular,cuticular contact,isolated from cadaver and infected beetle,,virulence test,"Kushiyev et al., 2022",2022,full text,"Kushiyev, R., Tunçer, C., Özdemir, İ. O., Erper, İ., Kalendar, R., Alkan, M., & Özer, G. (2022). Molecular characterization of native entomopathogenic fungi from ambrosia beetles in hazelnut orchards of Turkey and evaluation of their in vitro efficacy. Insects, 13(9), 824."
445,Xylosandrus germanus,Fungi,Metarhizium anisopliae,Turkey,pathogen,laboratory,,molecular,cuticular contact,isolated from cadaver and infected beetle,,virulence test,"Kushiyev et al., 2022",2022,full text,"Kushiyev, R., Tunçer, C., Özdemir, İ. O., Erper, İ., Kalendar, R., Alkan, M., & Özer, G. (2022). Molecular characterization of native entomopathogenic fungi from ambrosia beetles in hazelnut orchards of Turkey and evaluation of their in vitro efficacy. Insects, 13(9), 824."
446,Ips typographus,Fungi,Beauveria sp.,Czech Republic,pathogen; occurrence survey,laboratory,,,,isolated from beetle,,,"Landa et al., 2001a",2001,full text,"Landa Z., P. Hornak, L.S. Osborne, A. Novakova & E. Bursova 2001. Entomogenous fungi associated with spruce bark beetle Ips typographus L. (Coleoptera, Scolytidae) in the Bohemian Forest. Silva Gabreta 6, 250-72."
447,Ips typographus,Fungi,Beauveria bassiana,Czech Republic,pathogen; occurrence survey,laboratory,,,,isolated from beetle,,,"Landa et al., 2001a",2001,full text,"Landa Z., P. Hornak, L.S. Osborne, A. Novakova & E. Bursova 2001. Entomogenous fungi associated with spruce bark beetle Ips typographus L. (Coleoptera, Scolytidae) in the Bohemian Forest. Silva Gabreta 6, 250-72."
448,Ips typographus,Fungi,"Isaria sp,",Czech Republic,pathogen; occurrence survey,laboratory,,,,isolated from beetle,,,"Landa et al., 2001a",2001,full text,"Landa Z., P. Hornak, L.S. Osborne, A. Novakova & E. Bursova 2001. Entomogenous fungi associated with spruce bark beetle Ips typographus L. (Coleoptera, Scolytidae) in the Bohemian Forest. Silva Gabreta 6, 250-72."
449,Ips typographus,Fungi,Isaria farinosa,Czech Republic,pathogen; occurrence survey,laboratory,,,,isolated from beetle,,,"Landa et al., 2001a",2001,full text,"Landa Z., P. Hornak, L.S. Osborne, A. Novakova & E. Bursova 2001. Entomogenous fungi associated with spruce bark beetle Ips typographus L. (Coleoptera, Scolytidae) in the Bohemian Forest. Silva Gabreta 6, 250-72."
450,Ips typographus,Fungi,Isaria fumosorosea,Czech Republic,pathogen; occurrence survey,laboratory,,,,isolated from beetle,,,"Landa et al., 2001a",2001,full text,"Landa Z., P. Hornak, L.S. Osborne, A. Novakova & E. Bursova 2001. Entomogenous fungi associated with spruce bark beetle Ips typographus L. (Coleoptera, Scolytidae) in the Bohemian Forest. Silva Gabreta 6, 250-72."
451,Ips typographus,Fungi,Isaria penicillatus,Czech Republic,pathogen; occurrence survey,laboratory,,,,isolated from beetle,,,"Landa et al., 2001a",2001,full text,"Landa Z., P. Hornak, L.S. Osborne, A. Novakova & E. Bursova 2001. Entomogenous fungi associated with spruce bark beetle Ips typographus L. (Coleoptera, Scolytidae) in the Bohemian Forest. Silva Gabreta 6, 250-72."
452,Ips typographus,Fungi,Lecanicillium lecanii,Czech Republic,pathogen; occurrence survey,laboratory,,,,isolated from beetle,,,"Landa et al., 2001a",2001,full text,"Landa Z., P. Hornak, L.S. Osborne, A. Novakova & E. Bursova 2001. Entomogenous fungi associated with spruce bark beetle Ips typographus L. (Coleoptera, Scolytidae) in the Bohemian Forest. Silva Gabreta 6, 250-72."
453,Ips typographus,Fungi,,,,,,,,,,,"Landa et al., 2001b",2001,non full-text ,"Landa, Z., Bielikova´, L., Osborne, L.S., Bobkova´, E., 2001b. Assesment of isolates of entomogenous fungi collected from spruce bark beetle Ips typographus L. (Coleoptera, Scolytidae) in the Bohemian Forest. Silva Gabreta 6, 273–286."
454,Ips typographus,Nematode,nematodes,,,,,,hemocoel,,,,"Laucius and Zolubas, 1997",1997,only English abstract,"Laucius S. & P. Zolubas 1997. Spruce bark beetle (Ips typographus L.) dynamics in forest reserve in 1995-1996. Miskininkyste 1 (39), 84-92."
455,Ips typographus,Nematode,nematodes,,,,,,midgut,,,,"Laucius and Zolubas, 1997",1997,only English abstract,"Laucius S. & P. Zolubas 1997. Spruce bark beetle (Ips typographus L.) dynamics in forest reserve in 1995-1996. Miskininkyste 1 (39), 84-92."
456,Hylastes ater,Fungi,Beauveria bassiana,,,,,,,,,,"Leatherdale, 1970",1970,full text,"Leatherdale D. 1970. The arthropod hosts of entomogenous fungi in Britain. Entomophaga 15, 419-35."
457,Hylastinus obscurus,Fungi,Beauveria bassiana,United States,association report,,,morphological and molecular,,isolated from cadaver,,,"Lestari, 2016",2016,full text,"Lestari, A. S. (2016). Isolation and pathogenicity of naturally occurring entomopathogenic fungi to clover root borer (Coleoptera: Curculionidae: Scolytinae), a pest of red clover seed crops."
458,Hylastinus obscurus,Fungi,Beauveria pseudobassiana,United States,association report,,,morphological and molecular,,isolated from cadaver,,,"Lestari, 2016",2016,full text,"Lestari, A. S. (2016). Isolation and pathogenicity of naturally occurring entomopathogenic fungi to clover root borer (Coleoptera: Curculionidae: Scolytinae), a pest of red clover seed crops."
459,Tomicus piniperda,Fungi,Paecilomyces farinosus,China,pathogen,laboratory and field,,,cuticular contact,isolated from infected beetle,,pathogenicity test,"Li et al., 2003",2003,full text,Application of entomopathogenic fungi in the integrated management of Tomicus piniperda
460,Tomicus piniperda,Fungi,Beauveria bassiana,China,pathogen,laboratory and field,,,cuticular contact,isolated from infected beetle,,pathogenicity test,"Li et al., 2003",2003,full text,Application of entomopathogenic fungi in the integrated management of Tomicus piniperda
461,Tomicus piniperda,Fungi,Fusarium concolor,China,pathogen,laboratory and field,,,cuticular contact,isolated from infected beetle,,pathogenicity test,"Li et al., 2003",2003,full text,Application of entomopathogenic fungi in the integrated management of Tomicus piniperda
462,Tomicus piniperda,Fungi,Beauveria velata,China,pathogen,laboratory and field,,,cuticular contact,isolated from infected beetle,,pathogenicity test,"Li et al., 2003",2003,full text,Application of entomopathogenic fungi in the integrated management of Tomicus piniperda
463,Tomicus piniperda,Fungi,Penicillium sp.,China,pathogen,laboratory and field,,,cuticular contact,isolated from infected beetle,,pathogenicity test,"Li et al., 2003",2003,full text,Application of entomopathogenic fungi in the integrated management of Tomicus piniperda
464,Dendroctonus ponderosae,Fungi,Beauveria bassiana,,pathogen,,,,,culture collection,,,"Li et al., 2023",2023,full text,"Li, J. X., Fernandez, K. X., Ritland, C., Jancsik, S., Engelhardt, D. B., Coombe, L., ... & Birol, I. (2023). Genomic virulence features of Beauveria bassiana as a biocontrol agent for the mountain pine beetle population. BMC genomics, 24(1), 390."
465,Ips sexdentatus,Nematode,Parasitorhabditis ipsophila,,parasite,,,,,,,,"Lieutier and Laumond, 1978",1978,full text,"Lieutier, F., & Laumond, C. (1978). Nématodes parasites et associés à Ips sexdentatus et Ips typographus (Coleoptera, Scolytidae) en région parisienne. Nematologica, 24(2), 184-200."
466,Ips typographus,Nematode,Parasitorhabditis bellifonti,,parasite,,,,,,,,"Lieutier and Laumond, 1978",1978,full text,"Lieutier, F., & Laumond, C. (1978). Nématodes parasites et associés à Ips sexdentatus et Ips typographus (Coleoptera, Scolytidae) en région parisienne. Nematologica, 24(2), 184-200."
467,Ips typographus,Nematode,Parasitorhabditis subelongati,,parasite,,,,,,,,"Lieutier and Laumond, 1978",1978,full text,"Lieutier, F., & Laumond, C. (1978). Nématodes parasites et associés à Ips sexdentatus et Ips typographus (Coleoptera, Scolytidae) en région parisienne. Nematologica, 24(2), 184-200."
468,Ips sexdentatus,Nematode,Parasitorhabditis ipsophila,,parasite,,,,,,,,"Lieutier and Laumond, 1984",1984,full text,"Lieutier, F. (1984). Observations sur le parasitisme d’Ips sexdenta tus (Insecta: Scolytidae) par Parasitorhabditis ipsophila (Nematoda: Rhabditidae). Annales de parasitologie humaine et comparée, 59(5), 507-520."
469,Ips sexdentatus,Nematode,Parasitaphelenchus sp.,France,parasite,,,,,,,,"Lieutier et al., 1982",1982,full text,"Lieutier, F., Jastrabsky, M., & Bonnafe, P. (1982). Les variations pondérales du tissu adipeux et des ovaires, et les variations de longueur des ovocytes, chez Ips sexdentatus Boern (Coleoptera: Scolytidae); relations avec le parasitisme par les nématodes. Annales de Parasitologie Humaine et Comparée, 57(4), 407-418."
470,Ips sexdentatus,Nematode,Parasitaphelenchus sexdentati,France,parasite,,,,,,,,"Lieutier et al., 1982",1982,full text,"Lieutier, F., Jastrabsky, M., & Bonnafe, P. (1982). Les variations pondérales du tissu adipeux et des ovaires, et les variations de longueur des ovocytes, chez Ips sexdentatus Boern (Coleoptera: Scolytidae); relations avec le parasitisme par les nématodes. Annales de Parasitologie Humaine et Comparée, 57(4), 407-418."
471,Ips sexdentatus,Nematode,Contortylenchus diplogaster,France,parasite,,,,,,,,"Lieutier et al., 1982",1982,full text,"Lieutier, F., Jastrabsky, M., & Bonnafe, P. (1982). Les variations pondérales du tissu adipeux et des ovaires, et les variations de longueur des ovocytes, chez Ips sexdentatus Boern (Coleoptera: Scolytidae); relations avec le parasitisme par les nématodes. Annales de Parasitologie Humaine et Comparée, 57(4), 407-418."
472,Ips sexdentatus,Nematode,Parasitorhabditis ipsophila,France,parasite,,,,,,,,"Lieutier, 1984a",1984,full text,"Lieutier, F. (1984). Les perturbations induites par Parasitorhabditis ipsophila (Nematoda: Rhabditidae) dans le tube digestif d’Ips sexdentatus (Insecta: Scolytidae). Annales de parasitologie humaine et comparée, 59(6), 597-605."
473,Ips sexdentatus,Nematode,Parasitorhabditis ipsophila,France,parasite,,,,,,,,"Lieutier, 1984b",1984,full text,"Lieutier, F. (1984). Observations on the parasitism of Ips sexdentatus (Insecta: Scolytidae) by Parasitorhabditis ipsophila (Nematoda: Rhabditidae). Annales de parasitologie humaine et comparée , 59 (5), 507-520."
474,Phloeosinus sinensis,Fungi,Beauveria brongniartii,China,pathogen,laboratory,,morphological and molecular,cuticular contact,isolated from infected larva of Cerambycidae sp.,,pathogenicity test,"Lin et al., 2025",2025,full text,Identification of Entomopathogenous Fungus and Pathogenicity Test  of Phloeosinus sinensis Adult
475,Scolytus ensifer,Microsporidia,Stempellia scolyti,Germany,,laboratory,,morphological,hemocoel; midgut,,,pathogenicity test,"Lipa, 1968",1968,,"Lipa J.J. 1968. Stempellia scolyti Weiser com.nov. and Nosema scolyti n.sp. microsporidian parasites of four species of Scolytus (Coleoptera). Acta Protozoologica 6, 69-78."
476,Scolytus multistriatus,Microsporidia,Stempellia scolyti,Germany,,laboratory,,morphological,hemocoel; midgut,,,pathogenicity test,"Lipa, 1968",1968,,"Lipa J.J. 1968. Stempellia scolyti Weiser com.nov. and Nosema scolyti n.sp. microsporidian parasites of four species of Scolytus (Coleoptera). Acta Protozoologica 6, 69-78."
477,Scolytus pygmaeus,Microsporidia,Stempellia scolyti,Germany,,laboratory,,morphological,hemocoel; midgut,,,pathogenicity test,"Lipa, 1968",1968,,"Lipa J.J. 1968. Stempellia scolyti Weiser com.nov. and Nosema scolyti n.sp. microsporidian parasites of four species of Scolytus (Coleoptera). Acta Protozoologica 6, 69-78."
478,Scolytus scolytus,Microsporidia,Stempellia scolyti,Germany,,laboratory,,morphological,hemocoel; midgut,,,pathogenicity test,"Lipa, 1968",1968,,"Lipa J.J. 1968. Stempellia scolyti Weiser com.nov. and Nosema scolyti n.sp. microsporidian parasites of four species of Scolytus (Coleoptera). Acta Protozoologica 6, 69-78."
479,Scolytus ensifer,Microsporidia,Nosema scolyti,Germany,,laboratory,,morphological,midgut; malpighian tubules; hemocoel,,,pathogenicity test,"Lipa, 1968",1968,,"Lipa J.J. 1968. Stempellia scolyti Weiser com.nov. and Nosema scolyti n.sp. microsporidian parasites of four species of Scolytus (Coleoptera). Acta Protozoologica 6, 69-78."
480,Scolytus multistriatus,Microsporidia,Nosema scolyti,Germany,,laboratory,,morphological,midgut; malpighian tubules; hemocoel,,,pathogenicity test,"Lipa, 1968",1968,,"Lipa J.J. 1968. Stempellia scolyti Weiser com.nov. and Nosema scolyti n.sp. microsporidian parasites of four species of Scolytus (Coleoptera). Acta Protozoologica 6, 69-78."
481,Scolytus pygmaeus,Microsporidia,Nosema scolyti,Germany,,laboratory,,morphological,midgut; malpighian tubules; hemocoel,,,pathogenicity test,"Lipa, 1968",1968,,"Lipa J.J. 1968. Stempellia scolyti Weiser com.nov. and Nosema scolyti n.sp. microsporidian parasites of four species of Scolytus (Coleoptera). Acta Protozoologica 6, 69-78."
482,Scolytus scolytus,Microsporidia,Nosema scolyti,Germany,,laboratory,,morphological,midgut; malpighian tubules; hemocoel,,,pathogenicity test,"Lipa, 1968",1968,,"Lipa J.J. 1968. Stempellia scolyti Weiser com.nov. and Nosema scolyti n.sp. microsporidian parasites of four species of Scolytus (Coleoptera). Acta Protozoologica 6, 69-78."
483,Phloeosinus sinensis,Fungi,Beauveria bassiana,China,pathogen,laboratory,,,,culture collection,,virulence test,"Liu and Yang, 1992",1992,full text,A preliminary report on the virulence of Beauveria bassiana against Phloeosinus sinensis and three other insect pests
484,Euwallacea interjectus,Fungi,Beauveria bassiana,China,pathogen,laboratory,,,,,,pathogenicity test,"Liu et al., 2025",2025,full text,"Liu, J., Jiang, N., Gao, H., Lai, S., Zhou, Y., Hao, D., & Dai, L. (2025). Laboratory exploration of several potential biocontrol methods against the Ambrosia beetle, Euwallacea interjectus. Insects, 16(1), 56."
485,Euwallacea interjectus,Bacteria,Serratia marcescens,China,pathogen,laboratory,,,,,,pathogenicity test,"Liu et al., 2025",2025,full text,"Liu, J., Jiang, N., Gao, H., Lai, S., Zhou, Y., Hao, D., & Dai, L. (2025). Laboratory exploration of several potential biocontrol methods against the Ambrosia beetle, Euwallacea interjectus. Insects, 16(1), 56."
486,Hypothenemus hampei,Fungi,Beauveria bassiana,China,pathogen,laboratory,,morphological and molecular,cuticular contact,isolated from infected beetle,,pathogenicity test,"Liu et al., 2026",2026,full text,Isolation and Identification of Beauveria bassiana Strain Bb-QJC2 and Evaluation of its Pathogenicity Against the Coffee Berry Borer (Hypothenemus hampei)
487,Ips typographus,Nematode,gut nematodes,Czech Republic,pathogen,,,,,evaluation of pathogen from beetles,,,"Lukasova et al., 2013",2013,full text,"Lukášová, K., Holuša, J., & Turčáni, M. (2013). Pathogens of Ips amitinus: new species and comparison with I ps typographus. Journal of Applied Entomology, 137(3), 188-196."
488,Ips typographus,Microsporidia,Chytridiopsis typographi,Czech Republic,pathogen,,,,,evaluation of pathogen from beetles,,,"Lukasova et al., 2013",2013,full text,"Lukášová, K., Holuša, J., & Turčáni, M. (2013). Pathogens of Ips amitinus: new species and comparison with I ps typographus. Journal of Applied Entomology, 137(3), 188-196."
489,Ips typographus,Microsporidia,Nosema typographi,Czech Republic,pathogen,,,,,evaluation of pathogen from beetles,,,"Lukasova et al., 2013",2013,full text,"Lukášová, K., Holuša, J., & Turčáni, M. (2013). Pathogens of Ips amitinus: new species and comparison with I ps typographus. Journal of Applied Entomology, 137(3), 188-196."
490,Ips typographus,Protist,Gregarina typographi,Czech Republic,pathogen,,,,,evaluation of pathogen from beetles,,,"Lukasova et al., 2013",2013,full text,"Lukášová, K., Holuša, J., & Turčáni, M. (2013). Pathogens of Ips amitinus: new species and comparison with I ps typographus. Journal of Applied Entomology, 137(3), 188-196."
491,Ips typographus,Protist,Mattesia schwenkei,Czech Republic,pathogen,,,,,evaluation of pathogen from beetles,,,"Lukasova et al., 2013",2013,full text,"Lukášová, K., Holuša, J., & Turčáni, M. (2013). Pathogens of Ips amitinus: new species and comparison with I ps typographus. Journal of Applied Entomology, 137(3), 188-196."
492,Ips typographus,Virus,ItEPV,Czech Republic,pathogen,,,,,evaluation of pathogen from beetles,,,"Lukasova et al., 2013",2013,full text,"Lukášová, K., Holuša, J., & Turčáni, M. (2013). Pathogens of Ips amitinus: new species and comparison with I ps typographus. Journal of Applied Entomology, 137(3), 188-196."
493,Ips amitinus,Nematode,gut nematodes,Czech Republic,pathogen,,,,,evaluation of pathogen from beetles,,,"Lukasova et al., 2013",2013,full text,"Lukášová, K., Holuša, J., & Turčáni, M. (2013). Pathogens of Ips amitinus: new species and comparison with I ps typographus. Journal of Applied Entomology, 137(3), 188-196."
494,Ips amitinus,Microsporidia,Chytridiopsis typographi,Czech Republic,pathogen,,,,,evaluation of pathogen from beetles,,,"Lukasova et al., 2013",2013,full text,"Lukášová, K., Holuša, J., & Turčáni, M. (2013). Pathogens of Ips amitinus: new species and comparison with I ps typographus. Journal of Applied Entomology, 137(3), 188-196."
495,Ips amitinus,Fungi,Metschnikowia typographi,Czech Republic,pathogen,,,,,evaluation of pathogen from beetles,,,"Lukasova et al., 2013",2013,full text,"Lukášová, K., Holuša, J., & Turčáni, M. (2013). Pathogens of Ips amitinus: new species and comparison with I ps typographus. Journal of Applied Entomology, 137(3), 188-196."
496,Ips amitinus,Protist,Gregarina typographi,Czech Republic,pathogen,,,,,evaluation of pathogen from beetles,,,"Lukasova et al., 2013",2013,full text,"Lukášová, K., Holuša, J., & Turčáni, M. (2013). Pathogens of Ips amitinus: new species and comparison with I ps typographus. Journal of Applied Entomology, 137(3), 188-196."
497,Ips amitinus,Protist,Mattesia schwenkei,Czech Republic,pathogen,,,,,evaluation of pathogen from beetles,,,"Lukasova et al., 2013",2013,full text,"Lukášová, K., Holuša, J., & Turčáni, M. (2013). Pathogens of Ips amitinus: new species and comparison with I ps typographus. Journal of Applied Entomology, 137(3), 188-196."
498,Ips amitinus,Virus,ItEPV,Czech Republic,pathogen,,,,,evaluation of pathogen from beetles,,,"Lukasova et al., 2013",2013,full text,"Lukášová, K., Holuša, J., & Turčáni, M. (2013). Pathogens of Ips amitinus: new species and comparison with I ps typographus. Journal of Applied Entomology, 137(3), 188-196."
499,Ips typographus,Protist,Gregarina typographi,Czech Republic,,,,morphological,,evaluation of pathogen from beetles,,,"Lukášová and Holuša, 2015",2015,full text,"Lukášová, K., & Holuša, J. (2015). Comparison of pathogens infection level in Ips typographus (Coleoptera: Curculionidae) beetles sampled in pheromone traps and at place of overwintering. Acta Parasitologica, 60(3), 462-465."
500,Ips typographus,Virus,ItEPV,Czech Republic,,,,morphological,,evaluation of pathogen from beetles,,,"Lukášová and Holuša, 2015",2015,full text,"Lukášová, K., & Holuša, J. (2015). Comparison of pathogens infection level in Ips typographus (Coleoptera: Curculionidae) beetles sampled in pheromone traps and at place of overwintering. Acta Parasitologica, 60(3), 462-465."
501,Ips typographus,Microsporidia,Nosema typographi,Czech Republic,,,,morphological,,evaluation of pathogen from beetles,,,"Lukášová and Holuša, 2015",2015,full text,"Lukášová, K., & Holuša, J. (2015). Comparison of pathogens infection level in Ips typographus (Coleoptera: Curculionidae) beetles sampled in pheromone traps and at place of overwintering. Acta Parasitologica, 60(3), 462-465."
502,Ips typographus,Fungi,Beauveria bassiana,,pathogen,,,,,,,pathogenicity test,"Lutyk and Swiezynska, 1984",1984,full text,"Lutyk P. & H. Swiezynska 1984. Trials to control the larger pine-shoot beetle (Tomicus piniperda L.) with the use of the fungus Beauveria bassiana (Bals.) Vuill. on piled wood. Sylwan, 9, 41-45."
503,Pityokteines curvidens,Bacteria,Nosema curvidens,,,,,,,,,,Lysenko 1959,1959,full text,"Lysenko, O. (1959). Report on diagnosis of bacteria isolated from insects (1954–1958). Entomophaga, 4(1), 15-22."
504,Pityokteines curvidens,Bacteria,Serratia marcescens,,,,,,,,,,Lysenko 1959,1959,full text,"Lysenko, O. (1959). Report on diagnosis of bacteria isolated from insects (1954–1958). Entomophaga, 4(1), 15-22."
505,Trypodendron lineatum,Bacteria,Pseudomonas septica,,,,,,,,,,Lysenko 1959,1959,full text,"Lysenko, O. (1959). Report on diagnosis of bacteria isolated from insects (1954–1958). Entomophaga, 4(1), 15-22."
506,Dendroctonus frontalis,Nematode,Contortylenchus brevicomi,United States,parasite,,,,,evaluation of infection from beetles,,,"MacGuidwin et al., 1980",1980,full text,"MacGuidwin, A. E., Smart Jr, G. C., Wilkinson, R. C., & Allen, G. E. (1980). Effect of the nematode Contortylenchus brevicomi on gallery construction and fecundity of the southern pine beetle. Journal of nematology, 12(4), 278."
507,Dendroctonus frontalis,Microsporidia,Unikaryon minutum,United States,parasite,,,,,evaluation of infection from beetles,,,"MacGuidwin et al., 1980",1980,full text,"MacGuidwin, A. E., Smart Jr, G. C., Wilkinson, R. C., & Allen, G. E. (1980). Effect of the nematode Contortylenchus brevicomi on gallery construction and fecundity of the southern pine beetle. Journal of nematology, 12(4), 278."
508,Trypodendron lineatum,Fungi,Beauveria bassiana,,,,,,,,,,"Magema et al., 1981",1981,non full-text ,"Magema N., C. Verstraeten & C. Gaspar 1981. Les ennemis naturels du scolyte Trypodendron lineatum (Olivier, 1795) (Coleopetra, Scolytidae) dans la forest de Hazeilles et des Epioux. Annales de la Societe Royale Zoologique de Belgique 111, 89-95."
509,Dendroctonus rufipennis,Fungi,Beauveria bassiana,United States,,laboratory,,morphological and molecular,,,,virulence test,"Mann and Davis, 2020",2020,full text,"Mann, A. J., & Davis, T. S. (2020). Plant secondary metabolites and low temperature are the major limiting factors for Beauveria bassiana (Bals.-Criv.) Vuill.(Ascomycota: Hypocreales) growth and virulence in a bark beetle system. Biological Control, 141, 104130."
510,Ips typographus,Fungi,Beauveria bassiana,,,laboratory,,,,,,virulence test,"Markova, 2000",2000,only English abstract,"Markova, G. (2000). Pathogenicity of several entomogenous fungi to some of the most serious forest insect pests in Europe."
511,Ips typographus,Fungi,Paecilomyces farinosus,,,laboratory,,,,,,virulence test,"Markova, 2000",2000,only English abstract,"Markova, G. (2000). Pathogenicity of several entomogenous fungi to some of the most serious forest insect pests in Europe."
512,Ips typographus,Fungi,Metarhizium anisopliae,,,laboratory,,,,,,virulence test,"Markova, 2000",2000,only English abstract,"Markova, G. (2000). Pathogenicity of several entomogenous fungi to some of the most serious forest insect pests in Europe."
513,Ips typographus,Fungi,Verticillium lecanii,,,laboratory,,,,,,virulence test,"Markova, 2000",2000,only English abstract,"Markova, G. (2000). Pathogenicity of several entomogenous fungi to some of the most serious forest insect pests in Europe."
514,Dendroctonus rufipennis,Nematode,Ektaphelenchus obtusus,,parasite,,,,,,,,"Massey, 1956",1956,only English abstract,"Massey, C. L. (1956). Nematode parasites and associates of the Engelmann spruce beetle (Dendroctonus engelmanni Hopk.)."
515,Dendroctonus rufipennis,Nematode,Sphaerularia dendroctoni,,parasite,,,,,,,,"Massey, 1956",1956,only English abstract,"Massey, C. L. (1956). Nematode parasites and associates of the Engelmann spruce beetle (Dendroctonus engelmanni Hopk.)."
516,Dendroctonus barberi,Nematode,Alphelenchulus barberus,United States,parasite,,,,,,,,"Massey, 1957",1957,only English abstract,"Massey, C. L. (1957). Four new species of Alphelenchulus (Nematoda) parasitic in bark beetles in the United States."
517,Dendroctonus frontalis,Nematode,Alphelenchulus barberus,United States,parasite,,,,,,,,"Massey, 1957",1957,only English abstract,"Massey, C. L. (1957). Four new species of Alphelenchulus (Nematoda) parasitic in bark beetles in the United States."
518,Dendroctonus brevicomis,Nematode,Alphelenchulus brevicomi,United States,parasite,,,,,,,,"Massey, 1957",1957,only English abstract,"Massey, C. L. (1957). Four new species of Alphelenchulus (Nematoda) parasitic in bark beetles in the United States."
519,Ips oregoni,Nematode,Alphelenchulus spirus,United States,parasite,,,,,,,,"Massey, 1957",1957,only English abstract,"Massey, C. L. (1957). Four new species of Alphelenchulus (Nematoda) parasitic in bark beetles in the United States."
520,Ips grandicollis,Nematode,Alphelenchulus grandicolli,United States,parasite,,,,,,,,"Massey, 1957",1957,only English abstract,"Massey, C. L. (1957). Four new species of Alphelenchulus (Nematoda) parasitic in bark beetles in the United States."
521,Ips confusus,Nematode,Aphelenchulus elongatus,United States,parasite,,,,,,,,"Massey, 1960",1960,only English abstract,"Massey, C. L. (1960). Nematode parasites and associates of the California five-spined engraver, Ips confusus (Lec.)."
522,Ips confusus,Nematode,Parasitaphelenchus sp.,United States,parasite; no harm to the host,,,,,,,,"Massey, 1960",1960,only English abstract,"Massey, C. L. (1960). Nematode parasites and associates of the California five-spined engraver, Ips confusus (Lec.)."
523,Ips confusus,Nematode,Parasitorhabditis obtusa,United States,parasite,,,,,,,,"Massey, 1960",1960,only English abstract,"Massey, C. L. (1960). Nematode parasites and associates of the California five-spined engraver, Ips confusus (Lec.)."
524,Ips confusus,Nematode,Diplogaster bandelieri,United States,,,,,,,,,"Massey, 1960",1960,only English abstract,"Massey, C. L. (1960). Nematode parasites and associates of the California five-spined engraver, Ips confusus (Lec.)."
525,Scolytus ventralis,Nematode,Parasitylenchus elongatus,United States,parasite,,,,,,,,"Massey, 1964a",1964,only English abstract,"Massey, C.L., 1964a. The nematode parasites and associates of the fir engraver beetle, Scolytus ventralis Le Conte, in New Mexico. J. Insect Pathol. 6, 133–155."
526,Scolytus ventralis,Nematode,Parasitylenchus scrutillus,United States,parasite,,,,,,,,"Massey, 1964a",1964,only English abstract,"Massey, C.L., 1964a. The nematode parasites and associates of the fir engraver beetle, Scolytus ventralis Le Conte, in New Mexico. J. Insect Pathol. 6, 133–155."
527,Scolytus ventralis,Nematode,Panagrolaimus judithae,United States,associate?,,,,,,,,"Massey, 1964a",1964,only English abstract,"Massey, C.L., 1964a. The nematode parasites and associates of the fir engraver beetle, Scolytus ventralis Le Conte, in New Mexico. J. Insect Pathol. 6, 133–155."
528,Scolytus ventralis,Nematode,Panagrolaimus concolor,United States,associate?,,,,,,,,"Massey, 1964a",1964,only English abstract,"Massey, C.L., 1964a. The nematode parasites and associates of the fir engraver beetle, Scolytus ventralis Le Conte, in New Mexico. J. Insect Pathol. 6, 133–155."
529,Scolytus ventralis,Nematode,Plectonchus wyganti,United States,associate?,,,,,,,,"Massey, 1964a",1964,only English abstract,"Massey, C.L., 1964a. The nematode parasites and associates of the fir engraver beetle, Scolytus ventralis Le Conte, in New Mexico. J. Insect Pathol. 6, 133–155."
530,Scolytus ventralis,Nematode,Panagrobelus scolyti,United States,associate?,,,,,,,,"Massey, 1964a",1964,only English abstract,"Massey, C.L., 1964a. The nematode parasites and associates of the fir engraver beetle, Scolytus ventralis Le Conte, in New Mexico. J. Insect Pathol. 6, 133–155."
531,Scolytus ventralis,Nematode,Bunonema newmexicana,United States,associate?,,,,,,,,"Massey, 1964a",1964,only English abstract,"Massey, C.L., 1964a. The nematode parasites and associates of the fir engraver beetle, Scolytus ventralis Le Conte, in New Mexico. J. Insect Pathol. 6, 133–155."
532,Scolytus ventralis,Nematode,Ektaphelenchus sandiaensis,United States,associate?,,,,,,,,"Massey, 1964a",1964,only English abstract,"Massey, C.L., 1964a. The nematode parasites and associates of the fir engraver beetle, Scolytus ventralis Le Conte, in New Mexico. J. Insect Pathol. 6, 133–155."
533,Scolytus ventralis,Nematode,Bursaphelenchus wilfordi,United States,associate?,,,,,,,,"Massey, 1964a",1964,only English abstract,"Massey, C.L., 1964a. The nematode parasites and associates of the fir engraver beetle, Scolytus ventralis Le Conte, in New Mexico. J. Insect Pathol. 6, 133–155."
534,Scolytus ventralis,Nematode,Plectus eurycerus,United States,associate?,,,,,,,,"Massey, 1964a",1964,only English abstract,"Massey, C.L., 1964a. The nematode parasites and associates of the fir engraver beetle, Scolytus ventralis Le Conte, in New Mexico. J. Insect Pathol. 6, 133–155."
535,Scolytus ventralis,Nematode,Plectus makrodemas,United States,associate?,,,,,,,,"Massey, 1964a",1964,only English abstract,"Massey, C.L., 1964a. The nematode parasites and associates of the fir engraver beetle, Scolytus ventralis Le Conte, in New Mexico. J. Insect Pathol. 6, 133–155."
536,Scolytus ventralis,Nematode,Panagromacra margaretae,United States,associate?,,,,,,,,"Massey, 1964a",1964,only English abstract,"Massey, C.L., 1964a. The nematode parasites and associates of the fir engraver beetle, Scolytus ventralis Le Conte, in New Mexico. J. Insect Pathol. 6, 133–155."
537,Dendroctonus rufipennis,Nematode,Ektaphelenchus riograndensis,United States,parasite,,,,,,,,"Massey, 1964b",1964,only English abstract,"Massey, C.L., 1964b. Two new species of the nematode genus Ektaphelenchus (Nematoda: Aphelenchoididae) parasites of bark beetles in the south-western United States. Proc. Helminthol. Soc. Wash. 31, 37–40."
538,Dendroctonus barberi,Nematode,Ektaphelenchus riograndensis,United States,parasite,,,,,,,,"Massey, 1964b",1964,only English abstract,"Massey, C.L., 1964b. Two new species of the nematode genus Ektaphelenchus (Nematoda: Aphelenchoididae) parasites of bark beetles in the south-western United States. Proc. Helminthol. Soc. Wash. 31, 37–40."
539,Ips integer,Nematode,Ektaphelenchus riograndensis,United States,parasite,,,,,,,,"Massey, 1964b",1964,only English abstract,"Massey, C.L., 1964b. Two new species of the nematode genus Ektaphelenchus (Nematoda: Aphelenchoididae) parasites of bark beetles in the south-western United States. Proc. Helminthol. Soc. Wash. 31, 37–40."
540,Ips calligraphus,Nematode,Ektaphelenchus riograndensis,United States,parasite,,,,,,,,"Massey, 1964b",1964,only English abstract,"Massey, C.L., 1964b. Two new species of the nematode genus Ektaphelenchus (Nematoda: Aphelenchoididae) parasites of bark beetles in the south-western United States. Proc. Helminthol. Soc. Wash. 31, 37–40."
541,Ips lecontei,Nematode,Ektaphelenchus riograndensis,United States,parasite,,,,,,,,"Massey, 1964b",1964,only English abstract,"Massey, C.L., 1964b. Two new species of the nematode genus Ektaphelenchus (Nematoda: Aphelenchoididae) parasites of bark beetles in the south-western United States. Proc. Helminthol. Soc. Wash. 31, 37–40."
542,Ips oregonis,Nematode,Ektaphelenchus riograndensis,United States,parasite,,,,,,,,"Massey, 1964b",1964,only English abstract,"Massey, C.L., 1964b. Two new species of the nematode genus Ektaphelenchus (Nematoda: Aphelenchoididae) parasites of bark beetles in the south-western United States. Proc. Helminthol. Soc. Wash. 31, 37–40."
543,Dryocoetes confusus,Nematode,Ektaphelenchus prolobos,United States,parasite,,,,,,,,"Massey, 1964b",1964,only English abstract,"Massey, C.L., 1964b. Two new species of the nematode genus Ektaphelenchus (Nematoda: Aphelenchoididae) parasites of bark beetles in the south-western United States. Proc. Helminthol. Soc. Wash. 31, 37–40."
544,Dendroctonus adjunctus,Nematode,Parasitylenchus stipatus,United States,internal parasite,,,,,,,,"Massey, 1966a",1966,,"Massey, C. L. (1966). The nematode parasites and associates of Dendroctonus adjunctus (Coleoptera: Scolytidae) in New Mexico. Annals of the Entomological Society of America, 59(3), 424-440."
545,Dendroctonus adjunctus,Nematode,Parasitaphelenchus dendroctoni,United States,internal parasite,,,,,,,,"Massey, 1966a",1966,,"Massey, C. L. (1966). The nematode parasites and associates of Dendroctonus adjunctus (Coleoptera: Scolytidae) in New Mexico. Annals of the Entomological Society of America, 59(3), 424-440."
546,Dendroctonus pseudotsugae,Nematode,Neoditylenchus puniwopus,United States,associate,,,,,,,,"Massey, 1969",1969,,"Massey, C.L., 1969. New species of tylenchs associated with bark beetles in New Mexico and Colorado. Proc. Helminthol. Soc. Wash. 64, 43–52."
547,Dendroctonus rufipennis,Nematode,Neoditylenchus yasinskii,United States,associate,,,,,,,,"Massey, 1969",1969,,"Massey, C.L., 1969. New species of tylenchs associated with bark beetles in New Mexico and Colorado. Proc. Helminthol. Soc. Wash. 64, 43–52."
548,Scolytus multistriatus,Nematode,Sychnotylenchus scolyti,United States,associate,,,,,,,,"Massey, 1969",1969,,"Massey, C.L., 1969. New species of tylenchs associated with bark beetles in New Mexico and Colorado. Proc. Helminthol. Soc. Wash. 64, 43–52."
549,Phloeosinus sp.,Nematode,Sychnotylenchus phloeosini,United States,associate,,,,,,,,"Massey, 1969",1969,,"Massey, C.L., 1969. New species of tylenchs associated with bark beetles in New Mexico and Colorado. Proc. Helminthol. Soc. Wash. 64, 43–52."
550,Dendroctonus rufipennis,Nematode,Aglenchus exignus,United States,associate,,,,,,,,"Massey, 1969",1969,,"Massey, C.L., 1969. New species of tylenchs associated with bark beetles in New Mexico and Colorado. Proc. Helminthol. Soc. Wash. 64, 43–52."
551,Dendroctonus rufipennis,Nematode,Neotylenchus nitidus,United States,associate,,,,,,,,"Massey, 1969",1969,,"Massey, C.L., 1969. New species of tylenchs associated with bark beetles in New Mexico and Colorado. Proc. Helminthol. Soc. Wash. 64, 43–52."
552,Dendroctonus adjunctus,Nematode,Parasitylenchus stipatus,United States,parasite,,,,,,,,"Massey, 1974",1974,full text,"Massey, C. L. (1974). Biology and taxonomy of nematode parasites and associates of bark beetles in the United States (No. 446). Forest Service, US Department of Agriculture."
553,Dendroctonus adjunctus,Nematode,Parasitaphelenchus dendroctoni,United States,parasite,,,,,,,,"Massey, 1974",1974,full text,"Massey, C. L. (1974). Biology and taxonomy of nematode parasites and associates of bark beetles in the United States (No. 446). Forest Service, US Department of Agriculture."
554,Dendroctonus brevicomis,Nematode,Contortylenchus brevicomi,United States,parasite,,,,,,,,"Massey, 1974",1974,full text,"Massey, C. L. (1974). Biology and taxonomy of nematode parasites and associates of bark beetles in the United States (No. 446). Forest Service, US Department of Agriculture."
555,Dendroctonus frontalis,Nematode,Contortylenchus brevicomi,United States,parasite,,,,,,,,"Massey, 1974",1974,full text,"Massey, C. L. (1974). Biology and taxonomy of nematode parasites and associates of bark beetles in the United States (No. 446). Forest Service, US Department of Agriculture."
556,Dendroctonus ponderosae,Nematode,Contortylenchus reversus,United States,parasite,,,,,,,,"Massey, 1974",1974,full text,"Massey, C. L. (1974). Biology and taxonomy of nematode parasites and associates of bark beetles in the United States (No. 446). Forest Service, US Department of Agriculture."
557,Dendroctonus pseudotsugae,Nematode,Contortylenchus reversus,United States,parasite,,,,,,,,"Massey, 1974",1974,full text,"Massey, C. L. (1974). Biology and taxonomy of nematode parasites and associates of bark beetles in the United States (No. 446). Forest Service, US Department of Agriculture."
558,Dendroctonus pseudotsugae,Nematode,Parasitylenchus beccus,United States,parasite,,,,,,,,"Massey, 1974",1974,full text,"Massey, C. L. (1974). Biology and taxonomy of nematode parasites and associates of bark beetles in the United States (No. 446). Forest Service, US Department of Agriculture."
559,Dendroctonus rufipennis,Nematode,Sphaerularia dendroctoni,United States,parasite,,,,,,,,"Massey, 1974",1974,full text,"Massey, C. L. (1974). Biology and taxonomy of nematode parasites and associates of bark beetles in the United States (No. 446). Forest Service, US Department of Agriculture."
560,Dendroctonus rufipennis,Nematode,Contortylenchus reversus,United States,parasite,,,,,,,,"Massey, 1974",1974,full text,"Massey, C. L. (1974). Biology and taxonomy of nematode parasites and associates of bark beetles in the United States (No. 446). Forest Service, US Department of Agriculture."
561,Dendroctonus terebrans,Nematode,Contortylenchus terebranus,United States,parasite,,,,,,,,"Massey, 1974",1974,full text,"Massey, C. L. (1974). Biology and taxonomy of nematode parasites and associates of bark beetles in the United States (No. 446). Forest Service, US Department of Agriculture."
562,Dendroctonus valens,Nematode,Contortylenchus sp.,United States,parasite,,,,,,,,"Massey, 1974",1974,full text,"Massey, C. L. (1974). Biology and taxonomy of nematode parasites and associates of bark beetles in the United States (No. 446). Forest Service, US Department of Agriculture."
563,Ips avulsus,Nematode,Parasitylenchus avulsi,United States,parasite,,,,,,,,"Massey, 1974",1974,full text,"Massey, C. L. (1974). Biology and taxonomy of nematode parasites and associates of bark beetles in the United States (No. 446). Forest Service, US Department of Agriculture."
564,Ips calligraphus,Nematode,Contortylenchus grandicolli,United States,parasite,,,,,,,,"Massey, 1974",1974,full text,"Massey, C. L. (1974). Biology and taxonomy of nematode parasites and associates of bark beetles in the United States (No. 446). Forest Service, US Department of Agriculture."
565,Ips confusus,Nematode,Contortylenchus elongatus,United States,parasite,,,,,,,,"Massey, 1974",1974,full text,"Massey, C. L. (1974). Biology and taxonomy of nematode parasites and associates of bark beetles in the United States (No. 446). Forest Service, US Department of Agriculture."
566,Ips cribricollis,Nematode,Contortylenchus cribicolli,United States,parasite,,,,,,,,"Massey, 1974",1974,full text,"Massey, C. L. (1974). Biology and taxonomy of nematode parasites and associates of bark beetles in the United States (No. 446). Forest Service, US Department of Agriculture."
567,Ips grandicollis,Nematode,Contortylenchus grandicolli,United States,parasite,,,,,,,,"Massey, 1974",1974,full text,"Massey, C. L. (1974). Biology and taxonomy of nematode parasites and associates of bark beetles in the United States (No. 446). Forest Service, US Department of Agriculture."
568,Ips pilifrons,Nematode,Contortylenchus spirus,United States,parasite,,,,,,,,"Massey, 1974",1974,full text,"Massey, C. L. (1974). Biology and taxonomy of nematode parasites and associates of bark beetles in the United States (No. 446). Forest Service, US Department of Agriculture."
569,Ips pini,Nematode,Parasitylenchus ipinius,United States,parasite,,,,,,,,"Massey, 1974",1974,full text,"Massey, C. L. (1974). Biology and taxonomy of nematode parasites and associates of bark beetles in the United States (No. 446). Forest Service, US Department of Agriculture."
570,Ips pini,Nematode,Parasitylenchus ovarius,United States,parasite,,,,,,,,"Massey, 1974",1974,full text,"Massey, C. L. (1974). Biology and taxonomy of nematode parasites and associates of bark beetles in the United States (No. 446). Forest Service, US Department of Agriculture."
571,Ips pini,Nematode,Contortylenchus spirus,United States,parasite,,,,,,,,"Massey, 1974",1974,full text,"Massey, C. L. (1974). Biology and taxonomy of nematode parasites and associates of bark beetles in the United States (No. 446). Forest Service, US Department of Agriculture."
572,Hylurgops pinifex,Nematode,Parasitylenchus coronatus,United States,parasite,,,,,,,,"Massey, 1974",1974,full text,"Massey, C. L. (1974). Biology and taxonomy of nematode parasites and associates of bark beetles in the United States (No. 446). Forest Service, US Department of Agriculture."
573,Hylurgops pinifex,Nematode,Contortylenchus sp.,United States,parasite,,,,,,,,"Massey, 1974",1974,full text,"Massey, C. L. (1974). Biology and taxonomy of nematode parasites and associates of bark beetles in the United States (No. 446). Forest Service, US Department of Agriculture."
574,Hylesinus aculeatus,Nematode,Parasitylenchus lepersini,United States,parasite,,,,,,,,"Massey, 1974",1974,full text,"Massey, C. L. (1974). Biology and taxonomy of nematode parasites and associates of bark beetles in the United States (No. 446). Forest Service, US Department of Agriculture."
575,Orthotomicus caelatus,Nematode,Parasitylenchus oriundus,United States,parasite,,,,,,,,"Massey, 1974",1974,full text,"Massey, C. L. (1974). Biology and taxonomy of nematode parasites and associates of bark beetles in the United States (No. 446). Forest Service, US Department of Agriculture."
576,Pityophthorus sp.,Nematode,Contortylenchus pityophthori,United States,parasite,,,,,,,,"Massey, 1974",1974,full text,"Massey, C. L. (1974). Biology and taxonomy of nematode parasites and associates of bark beetles in the United States (No. 446). Forest Service, US Department of Agriculture."
577,Pityophthorus sp.,Nematode,Parasitaphelenchus sp.,United States,parasite,,,,,,,,"Massey, 1974",1974,full text,"Massey, C. L. (1974). Biology and taxonomy of nematode parasites and associates of bark beetles in the United States (No. 446). Forest Service, US Department of Agriculture."
578,Pityophthorus sp.,Nematode,Parasitylenchus sp.,United States,parasite,,,,,,,,"Massey, 1974",1974,full text,"Massey, C. L. (1974). Biology and taxonomy of nematode parasites and associates of bark beetles in the United States (No. 446). Forest Service, US Department of Agriculture."
579,Polygraphus hoppingi,Nematode,Parasitylenchus parasitus,United States,parasite,,,,,,,,"Massey, 1974",1974,full text,"Massey, C. L. (1974). Biology and taxonomy of nematode parasites and associates of bark beetles in the United States (No. 446). Forest Service, US Department of Agriculture."
580,Scolytus multistriatus,Nematode,Parasitaphelenchus sp.,United States,parasite,,,,,,,,"Massey, 1974",1974,full text,"Massey, C. L. (1974). Biology and taxonomy of nematode parasites and associates of bark beetles in the United States (No. 446). Forest Service, US Department of Agriculture."
581,Scolytus ventralis,Nematode,Parasitylenchus elongatus,United States,parasite,,,,,,,,"Massey, 1974",1974,full text,"Massey, C. L. (1974). Biology and taxonomy of nematode parasites and associates of bark beetles in the United States (No. 446). Forest Service, US Department of Agriculture."
582,Ips typographus,Fungi,Beauveria bassiana,,,,,,,,,pathogenicity test,"Matha and Weiser, 1985",1985,non full-text ,"Matha V. & J. Weiser 1985. Effect of the fungus Beauveria bassiana on adult bark beetles Ips typographus. Conference Biological and Biotechnical Control of Forest Pests, Tabor (CSFR)."
583,Ips typographus,Protist,Chytridiopsis typographi,Slovakia,pathogen,,,,,evaluation of pathogen from beetles,,,"Michalková et al., 2012",2012,full text,"Michalková, V., Krascsenitsová, E., & Kozánek, M. (2012). On the pathogens of the spruce bark beetle Ips typographus (Coleoptera: Scolytinae) in the Western Carpathians. Biologia, 67(1), 217-221."
584,Ips typographus,Protist,Gregarina typographi,Slovakia,pathogen,,,,,evaluation of pathogen from beetles,,,"Michalková et al., 2012",2012,full text,"Michalková, V., Krascsenitsová, E., & Kozánek, M. (2012). On the pathogens of the spruce bark beetle Ips typographus (Coleoptera: Scolytinae) in the Western Carpathians. Biologia, 67(1), 217-221."
585,Ips typographus,Protist,Malamoeba scolyti,Slovakia,pathogen,,,,,evaluation of pathogen from beetles,,,"Michalková et al., 2012",2012,full text,"Michalková, V., Krascsenitsová, E., & Kozánek, M. (2012). On the pathogens of the spruce bark beetle Ips typographus (Coleoptera: Scolytinae) in the Western Carpathians. Biologia, 67(1), 217-221."
586,Ips typographus,Nematode,Neoparasitylenchus sp.,Slovakia,pathogen,,,,,evaluation of pathogen from beetles,,,"Michalková et al., 2012",2012,full text,"Michalková, V., Krascsenitsová, E., & Kozánek, M. (2012). On the pathogens of the spruce bark beetle Ips typographus (Coleoptera: Scolytinae) in the Western Carpathians. Biologia, 67(1), 217-221."
587,Ips typographus,Nematode,unidentified nematode species,Slovakia,pathogen,,,,,evaluation of pathogen from beetles,,,"Michalková et al., 2012",2012,full text,"Michalková, V., Krascsenitsová, E., & Kozánek, M. (2012). On the pathogens of the spruce bark beetle Ips typographus (Coleoptera: Scolytinae) in the Western Carpathians. Biologia, 67(1), 217-221."
588,Ips typographus,Fungi,Beauveria bassiana,Slovakia,pathogen,,,,,evaluation of pathogen from beetles,,,"Michalková et al., 2012",2012,full text,"Michalková, V., Krascsenitsová, E., & Kozánek, M. (2012). On the pathogens of the spruce bark beetle Ips typographus (Coleoptera: Scolytinae) in the Western Carpathians. Biologia, 67(1), 217-221."
589,Ips typographus,Fungi,Beauveria bassiana,Serbia,pathogen,,,morphological and molecular,,isolated from infected beetle,,,"Milosavljević et al., 2021",2021,full text,"Milosavljević, M., Tabaković-Tošić, M., Radulović, Z., Marković, M., & Rindoš, M. (2021). Isolation, identification and phylogenetic position of entomopathogenic fungus Beauveria bassiana from Ips typographus in Serbia. Fresenius Environ. Bull, 30, 9443-9448."
590,Ips typographus,Fungi,Beauveria bassiana,Serbia,pathogen,laboratory,,,cuticular contact,isolated from infected beetle,,pathogenicity test,"Milosavljević et al., 2026",2026,full text,"Milosavljević, M., Tabaković-Tošić, M., Stajić, S., Mitrović, S., Radulović, Z., Poduška, Z., & Gavrilović, B. (2026). Biocontrol Potential of Indigenous Beauveria bassiana Strain Against Ips typographus from Tara National Park Under Varying Temperature Regimes. Šumarski list, 150(5-6), 219-227."
591,Hypothenemus hampei,Fungi,Beauveria bassiana,Nicaragua,associate; occurrence survey,,,morphological,,isolated from infected beetle,,,"Monzón et al., 2007",2007,full text,"Monzón, A., Klingen, I., Guharay, F., & Papierok, B. (2007). Naturally occurring Beauveria bassiana in Hypothenemus hampei populations in unsprayed coffee fields. IOBC WPRS BULLETIN, 30(1), 131."
592,Dendroctonus frontalis,Bacteria,Serratia marcescens,United States,pathogen,,,,,evaluation of pathogen from beetles,,,Moore 1971,1971,full text,"Moore G.E. 1971. Mortality Factors Caused by Pathogenic Bacteria and Fungi of the Southern Pine Beetle in North Carolina. Journal of Invertebrate Pathology 17, 28-37."
593,Dendroctonus frontalis,Bacteria,Pseudomonas aeruginosa,United States,pathogen,,,,,evaluation of pathogen from beetles,,,Moore 1971,1971,full text,"Moore G.E. 1971. Mortality Factors Caused by Pathogenic Bacteria and Fungi of the Southern Pine Beetle in North Carolina. Journal of Invertebrate Pathology 17, 28-37."
594,Dendroctonus frontalis,Bacteria,Bacillus thuringiensis var. thuringiensis,United States,pathogen,,,,,evaluation of pathogen from beetles,,,Moore 1971,1971,full text,"Moore G.E. 1971. Mortality Factors Caused by Pathogenic Bacteria and Fungi of the Southern Pine Beetle in North Carolina. Journal of Invertebrate Pathology 17, 28-37."
595,Dendroctonus frontalis,Bacteria,Flavobacterium sp.,United States,pathogen,,,,,evaluation of pathogen from beetles,,,Moore 1971,1971,full text,"Moore G.E. 1971. Mortality Factors Caused by Pathogenic Bacteria and Fungi of the Southern Pine Beetle in North Carolina. Journal of Invertebrate Pathology 17, 28-37."
596,Dendroctonus frontalis,Bacteria,Bacillus cereus,United States,pathogen,,,,,evaluation of pathogen from beetles,,,Moore 1971,1971,full text,"Moore G.E. 1971. Mortality Factors Caused by Pathogenic Bacteria and Fungi of the Southern Pine Beetle in North Carolina. Journal of Invertebrate Pathology 17, 28-37."
597,Dendroctonus frontalis,Bacteria,Pseudomonas fluorescens,United States,pathogen,,,,,evaluation of pathogen from beetles,,,Moore 1971,1971,full text,"Moore G.E. 1971. Mortality Factors Caused by Pathogenic Bacteria and Fungi of the Southern Pine Beetle in North Carolina. Journal of Invertebrate Pathology 17, 28-37."
598,Dendroctonus frontalis,Fungi,Fusarium solani,United States,pathogen,,,,,evaluation of pathogen from beetles,,,Moore 1971,1971,full text,"Moore G.E. 1971. Mortality Factors Caused by Pathogenic Bacteria and Fungi of the Southern Pine Beetle in North Carolina. Journal of Invertebrate Pathology 17, 28-37."
599,Dendroctonus frontalis,Fungi,Beauveria bassiana,United States,pathogen,,,,,evaluation of pathogen from beetles,,,Moore 1971,1971,full text,"Moore G.E. 1971. Mortality Factors Caused by Pathogenic Bacteria and Fungi of the Southern Pine Beetle in North Carolina. Journal of Invertebrate Pathology 17, 28-37."
600,Dendroctonus frontalis,Fungi,Aspergillus flavus,United States,pathogen,,,,,evaluation of pathogen from beetles,,,Moore 1971,1971,full text,"Moore G.E. 1971. Mortality Factors Caused by Pathogenic Bacteria and Fungi of the Southern Pine Beetle in North Carolina. Journal of Invertebrate Pathology 17, 28-37."
601,Dendroctonus frontalis,Fungi,Cephalosporium sp.,United States,pathogen,,,,,evaluation of pathogen from beetles,,,Moore 1971,1971,full text,"Moore G.E. 1971. Mortality Factors Caused by Pathogenic Bacteria and Fungi of the Southern Pine Beetle in North Carolina. Journal of Invertebrate Pathology 17, 28-37."
602,Dendroctonus frontalis,Fungi,Metarhizium anisopliae,United States,pathogen,,,,,evaluation of pathogen from beetles,,,Moore 1971,1971,full text,"Moore G.E. 1971. Mortality Factors Caused by Pathogenic Bacteria and Fungi of the Southern Pine Beetle in North Carolina. Journal of Invertebrate Pathology 17, 28-37."
603,Dendroctonus frontalis,Fungi,Paecilomyces sp.,United States,pathogen,,,,,evaluation of pathogen from beetles,,,Moore 1971,1971,full text,"Moore G.E. 1971. Mortality Factors Caused by Pathogenic Bacteria and Fungi of the Southern Pine Beetle in North Carolina. Journal of Invertebrate Pathology 17, 28-37."
604,Dendroctonus frontalis,Fungi,Scopulariopsis sp.,United States,pathogen,,,,,evaluation of pathogen from beetles,,,Moore 1971,1971,full text,"Moore G.E. 1971. Mortality Factors Caused by Pathogenic Bacteria and Fungi of the Southern Pine Beetle in North Carolina. Journal of Invertebrate Pathology 17, 28-37."
605,Dendroctonus frontalis,Bacteria,Aerobacter aerogenes,United States,,,,,,isolated from beetle,,,Moore 1972a,1972,full text,"Moore G.E. 1972. Microflora from the Alimentary Tract of Healthy Southern Pine Beetles, Dendroctonus frontalis (Scolytidae), and Their Possible Relationship to Pathogenicity. Journal of Invertebrate Pathology 19, 72-75."
606,Dendroctonus frontalis,Bacteria,Alcaligenes faecalis,United States,,,,,,isolated from beetle,,,Moore 1972a,1972,full text,"Moore G.E. 1972. Microflora from the Alimentary Tract of Healthy Southern Pine Beetles, Dendroctonus frontalis (Scolytidae), and Their Possible Relationship to Pathogenicity. Journal of Invertebrate Pathology 19, 72-75."
607,Dendroctonus frontalis,Bacteria,Serratia marcescens,United States,,,,,,isolated from beetle,,,Moore 1972a,1972,full text,"Moore G.E. 1972. Microflora from the Alimentary Tract of Healthy Southern Pine Beetles, Dendroctonus frontalis (Scolytidae), and Their Possible Relationship to Pathogenicity. Journal of Invertebrate Pathology 19, 72-75."
608,Dendroctonus frontalis,Bacteria,Bacillus cereus,United States,,,,,,isolated from beetle,,,Moore 1972a,1972,full text,"Moore G.E. 1972. Microflora from the Alimentary Tract of Healthy Southern Pine Beetles, Dendroctonus frontalis (Scolytidae), and Their Possible Relationship to Pathogenicity. Journal of Invertebrate Pathology 19, 72-75."
609,Dendroctonus frontalis,Fungi,Beauveria baasiana ,United States,pathogen,,,,,isolated from beetle,,,Moore 1972a,1972,full text,"Moore G.E. 1972. Microflora from the Alimentary Tract of Healthy Southern Pine Beetles, Dendroctonus frontalis (Scolytidae), and Their Possible Relationship to Pathogenicity. Journal of Invertebrate Pathology 19, 72-75."
610,Dendroctonus frontalis,Fungi,Aspergillus favus,United States,,,,,,isolated from beetle,,,Moore 1972a,1972,full text,"Moore G.E. 1972. Microflora from the Alimentary Tract of Healthy Southern Pine Beetles, Dendroctonus frontalis (Scolytidae), and Their Possible Relationship to Pathogenicity. Journal of Invertebrate Pathology 19, 72-75."
611,Dendroctonus frontalis,Fungi,Fusarium solani,United States,,,,,,isolated from beetle,,,Moore 1972a,1972,full text,"Moore G.E. 1972. Microflora from the Alimentary Tract of Healthy Southern Pine Beetles, Dendroctonus frontalis (Scolytidae), and Their Possible Relationship to Pathogenicity. Journal of Invertebrate Pathology 19, 72-75."
612,Dendroctonus frontalis,Fungi,Beauveria bassiana,,,laboratory,,,,,,pathogenicity test,"Moore, 1970",1970,full text,"Moore, G. E. (1970). Isolating entomogenous fungi and bacteria, and tests of fungal isolates against the southern pine beetle."
613,Dendroctonus frontalis,Fungi,Aspergillus flavus,,,laboratory,,,,,,pathogenicity test,"Moore, 1970",1970,full text,"Moore, G. E. (1970). Isolating entomogenous fungi and bacteria, and tests of fungal isolates against the southern pine beetle."
614,Dendroctonus frontalis,Fungi,Fusarium solani,,,laboratory,,,,,,pathogenicity test,"Moore, 1970",1970,full text,"Moore, G. E. (1970). Isolating entomogenous fungi and bacteria, and tests of fungal isolates against the southern pine beetle."
615,Dendroctonus frontalis,Bacteria,Bacillus cereus,United States,,laboratory,,,,isolated from infected beetle,,pathogenicity test,"Moore, 1972b",1972,full text,"Moore, G.E., 1972. Pathogenicity of ten strains of bacteria to larvae of the southern pine beetle. J. Invertebr. Pathol. 20, 41–45."
616,Dendroctonus frontalis,Bacteria,Bacillus thuringiensis var. thuringiensis,United States,,laboratory,,,,isolated from infected beetle,,pathogenicity test,"Moore, 1972b",1972,full text,"Moore, G.E., 1972. Pathogenicity of ten strains of bacteria to larvae of the southern pine beetle. J. Invertebr. Pathol. 20, 41–45."
617,Dendroctonus frontalis,Bacteria,Bacillus thuringiensis var. kenyae,United States,,laboratory,,,,isolated from infected beetle,,pathogenicity test,"Moore, 1972b",1972,full text,"Moore, G.E., 1972. Pathogenicity of ten strains of bacteria to larvae of the southern pine beetle. J. Invertebr. Pathol. 20, 41–45."
618,Dendroctonus frontalis,Bacteria,Pseudomonas aeruginosa,United States,,laboratory,,,,isolated from infected beetle,,pathogenicity test,"Moore, 1972b",1972,full text,"Moore, G.E., 1972. Pathogenicity of ten strains of bacteria to larvae of the southern pine beetle. J. Invertebr. Pathol. 20, 41–45."
619,Dendroctonus frontalis,Bacteria,Pseudomonas fluorescens,United States,,laboratory,,,,isolated from infected beetle,,pathogenicity test,"Moore, 1972b",1972,full text,"Moore, G.E., 1972. Pathogenicity of ten strains of bacteria to larvae of the southern pine beetle. J. Invertebr. Pathol. 20, 41–45."
620,Dendroctonus frontalis,Bacteria,Serratia marcescens,United States,,laboratory,,,,isolated from infected beetle,,pathogenicity test,"Moore, 1972b",1972,full text,"Moore, G.E., 1972. Pathogenicity of ten strains of bacteria to larvae of the southern pine beetle. J. Invertebr. Pathol. 20, 41–45."
621,Dendroctonus frontalis,Fungi,Beauveria bassiana,,,laboratory,,,,isolated from infected beetle,,pathogenicity test,"Moore, 1973",1973,full text,"Moore, G. E. (1973). Pathogenicity of three entomogenous fungi to the southern pine beetle at various temperatures and humidities. Environmental Entomology, 2(1), 54-57."
622,Dendroctonus frontalis,Fungi,Aspergillus flavus,,,laboratory,,,,isolated from infected beetle,,pathogenicity test,"Moore, 1973",1973,full text,"Moore, G. E. (1973). Pathogenicity of three entomogenous fungi to the southern pine beetle at various temperatures and humidities. Environmental Entomology, 2(1), 54-57."
623,Dendroctonus frontalis,Fungi,Fusarium solani,,,laboratory,,,,isolated from infected beetle,,pathogenicity test,"Moore, 1973",1973,full text,"Moore, G. E. (1973). Pathogenicity of three entomogenous fungi to the southern pine beetle at various temperatures and humidities. Environmental Entomology, 2(1), 54-57."
624,Ips typographus,Fungi,Beauveria bassiana,Slovakia,,laboratory,,morphological and molecular,,isolated from infected beetle,,pathogenicity test,"Mudrončeková et al., 2013",2013,full text,"Mudrončeková, S., Mazáň, M., & Nemčovič, M. (2013). Entomopathogenic fungus species Beauveria bassiana (Bals.) and Metarhizium anisopliae (Metsch.) used as mycoinsecticide effective in biological control of Ips typographus (L.). Journal of Microbiology, Biotechnology and Food Sciences, 2(6), 2469-2472."
625,Ips typographus,Fungi,Metarhizium anisopliae,Slovakia,,laboratory,,morphological and molecular,,isolated from soil,,pathogenicity test,"Mudrončeková et al., 2013",2013,full text,"Mudrončeková, S., Mazáň, M., & Nemčovič, M. (2013). Entomopathogenic fungus species Beauveria bassiana (Bals.) and Metarhizium anisopliae (Metsch.) used as mycoinsecticide effective in biological control of Ips typographus (L.). Journal of Microbiology, Biotechnology and Food Sciences, 2(6), 2469-2472."
626,Ips typographus,Fungi,Aspergilus flavus,Slovakia,,laboratory,,morphological and molecular,,isolated from infected beetle,,pathogenicity test,"Mudrončeková et al., 2013",2013,full text,"Mudrončeková, S., Mazáň, M., & Nemčovič, M. (2013). Entomopathogenic fungus species Beauveria bassiana (Bals.) and Metarhizium anisopliae (Metsch.) used as mycoinsecticide effective in biological control of Ips typographus (L.). Journal of Microbiology, Biotechnology and Food Sciences, 2(6), 2469-2472."
627,Ips typographus,Fungi,Aspergilus oryzae,Slovakia,,laboratory,,morphological and molecular,,isolated from infected beetle,,pathogenicity test,"Mudrončeková et al., 2013",2013,full text,"Mudrončeková, S., Mazáň, M., & Nemčovič, M. (2013). Entomopathogenic fungus species Beauveria bassiana (Bals.) and Metarhizium anisopliae (Metsch.) used as mycoinsecticide effective in biological control of Ips typographus (L.). Journal of Microbiology, Biotechnology and Food Sciences, 2(6), 2469-2472."
628,Ips typographus,Fungi,Penicillium ochrochloron,Slovakia,,laboratory,,morphological and molecular,,isolated from infected beetle,,pathogenicity test,"Mudrončeková et al., 2013",2013,full text,"Mudrončeková, S., Mazáň, M., & Nemčovič, M. (2013). Entomopathogenic fungus species Beauveria bassiana (Bals.) and Metarhizium anisopliae (Metsch.) used as mycoinsecticide effective in biological control of Ips typographus (L.). Journal of Microbiology, Biotechnology and Food Sciences, 2(6), 2469-2472."
629,Ips typographus,Bacteria,Serratia liquifaciens,Turkey,pathogen? increased mortality relative to the control,laboratory,,morphological and molecular,,isolated from cadaver,,pathogenicity test,"Muratoglu et al., 2011",2011,full text,"Muratoǧlu, H., Sezen, K., & Demirbaǧ, Z. (2011). Determination and pathogenicity of the bacterial flora associated with the spruce bark beetle, Ips typographus (L.)(Coleoptera: Curculionidae: Scolytinae). Turkish Journal of Biology, 35(1), 9-20."
630,Ips typographus,Bacteria,Bacillus sphaericus,Turkey,,laboratory,,morphological and molecular,,isolated from cadaver,,pathogenicity test,"Muratoglu et al., 2011",2011,full text,"Muratoǧlu, H., Sezen, K., & Demirbaǧ, Z. (2011). Determination and pathogenicity of the bacterial flora associated with the spruce bark beetle, Ips typographus (L.)(Coleoptera: Curculionidae: Scolytinae). Turkish Journal of Biology, 35(1), 9-20."
631,Ips typographus,Bacteria,Acinetobacter sp.,Turkey,,laboratory,,morphological and molecular,,isolated from cadaver,,pathogenicity test,"Muratoglu et al., 2011",2011,full text,"Muratoǧlu, H., Sezen, K., & Demirbaǧ, Z. (2011). Determination and pathogenicity of the bacterial flora associated with the spruce bark beetle, Ips typographus (L.)(Coleoptera: Curculionidae: Scolytinae). Turkish Journal of Biology, 35(1), 9-20."
632,Ips typographus,Bacteria,Proteus vulgaris,Turkey,,laboratory,,morphological and molecular,,isolated from cadaver,,pathogenicity test,"Muratoglu et al., 2011",2011,full text,"Muratoǧlu, H., Sezen, K., & Demirbaǧ, Z. (2011). Determination and pathogenicity of the bacterial flora associated with the spruce bark beetle, Ips typographus (L.)(Coleoptera: Curculionidae: Scolytinae). Turkish Journal of Biology, 35(1), 9-20."
633,Xyleborus dispar,Bacteria,Bacillus thuringiensis subsp. Tolworthi,Italy,pathogen,,,,,,,,Natali et al. 1994,1994,only English abstract,"Natali, V., Paparatti, B., & Canganella, F. (1994). Microorganisms carried by Xyleborus dispar (F.)(Coleoptera, Scolytidae) females, collected on European hazel trees in the area surrounding the lake of Vico (Viterbo, central Italy)."
634,Xyleborus dispar,Bacteria,Pseudomonas chlororaphis,Italy,pathogen,,,,,,,,Natali et al. 1994,1994,only English abstract,"Natali, V., Paparatti, B., & Canganella, F. (1994). Microorganisms carried by Xyleborus dispar (F.)(Coleoptera, Scolytidae) females, collected on European hazel trees in the area surrounding the lake of Vico (Viterbo, central Italy)."
635,Euwallacea fornicatus,Fungi,Beauveria bassiana,South Africa,pathogen,laboratory,,,cuticular contact,commercial strain,,pathogenicity test,"Nel et al., 2023",2023,full text,"Nel, W. J., Slippers, B., Wingfield, M. J., Yilmaz, N., & Hurley, B. P. (2023). Efficacy of commercially available entomopathogenic agents against the polyphagous shot hole borer in South Africa. Insects, 14(4), 361."
636,Euwallacea fornicatus,Fungi,Metarhizium anisopliae,South Africa,pathogen,laboratory,,,cuticular contact,commercial strain,,pathogenicity test,"Nel et al., 2023",2023,full text,"Nel, W. J., Slippers, B., Wingfield, M. J., Yilmaz, N., & Hurley, B. P. (2023). Efficacy of commercially available entomopathogenic agents against the polyphagous shot hole borer in South Africa. Insects, 14(4), 361."
637,Ips confusus,Nematode,Contortylenchus elongatus,,parasite,,,,,,,,"Nickle, 1963",1963,only English abstract,"Nickle, W. R. (1963). Observations on the effect of nematodes on Ips confusus (LeConte) and other bark beetles."
638,Dendroctonus brevicomis,Nematode,Contortylenchus brevicomi,,parasite,,,,,,,,"Nickle, 1963",1963,only English abstract,"Nickle, W. R. (1963). Observations on the effect of nematodes on Ips confusus (LeConte) and other bark beetles."
639,Ips confusus,Nematode,Sulphurtylenchus sp.,,pathogen,,,,,,,,"Nickle, 1963",1963,only English abstract,"Nickle, W. R. (1963). Observations on the effect of nematodes on Ips confusus (LeConte) and other bark beetles."
640,Scolytus rugulosus,Nematode,Neoparasitylenchus rugulosi,United States,parasite,,,,,,,,"Nickle, 1971",1971,full text,"Nickle, W. R. (1971). Behavior of the shothole borer, Scolytus rugulosus, altered by the nematode parasite Neoparasitylenchus rugulosi. Annals of the Entomological Society of America, 64(3), 751-751."
641,Dendroctonus valens,Fungi,Cephalosporium sp.,China,pathogen,,,,,,,,"Nie et al., 2010",2010,full text,Research on using Beauveria bassiana to control Dendroctonus valens
642,Dendroctonus valens,Fungi,Acremonium sp.,China,pathogen,,,,,,,,"Nie et al., 2010",2010,full text,Research on using Beauveria bassiana to control Dendroctonus valens
643,Dendroctonus valens,Fungi,Trichoderma sp.,China,pathogen,,,,,,,,"Nie et al., 2010",2010,full text,Research on using Beauveria bassiana to control Dendroctonus valens
644,Dendroctonus valens,Fungi,Beauveria bassiana,China,pathogen,,,,,,,,"Nie et al., 2010",2010,full text,Research on using Beauveria bassiana to control Dendroctonus valens
645,Ips typographus,Bacteria,Bacillus thuringiensis var. tenebrionis,,,,,,,,,pathogenicity test,"Novotny and Turcani, 2000",2000,only English abstract,"Novotny J. & M. Turcani 2000. The results of experimental treatment of biopreparation on the basis of Bacillus thuringiensis var. tenebrionis Berl. for control of Ips typographus L. (Col., Scolytidae). Lesnicky casopis (Forestry Journal) 46, 303-10."
646,Tomicus piniperda,Fungi,Beauveria bassiana,,,,,,,,,,"Nuorteva and Salonen, 1968",1968,full text,"Nuorteva M. & M. Salonen 1968. Versuche mit Beauveria bassiana (Bals.) Vuill. gegen Blastophagus piniperda L. (Col., Scolytidae). Annales Entomologici Fennici 34, 49-55."
647,Dendroctonus micans,Bacteria,Bacillus mycoides,Turkey,,laboratory,,morphological,,four soil-originated Bacillus spp.,,infection test,"Odabas Alver et al., 2018",2018,full text,"Odabas Alver, D., & Ertürk, Ö. (2018). Effects of four soil-originated Bacillus spp. on the great spruce bark beetle, Dendroctonus micans (Kugelann)(Coleoptera: Curculionidae, Scolytinae). Egyptian Journal of Biological Pest Control, 28(1), 70."
648,Dendroctonus micans,Bacteria,Bacillus cereus,Turkey,,laboratory,,morphological,,four soil-originated Bacillus spp.,,infection test,"Odabas Alver et al., 2018",2018,full text,"Odabas Alver, D., & Ertürk, Ö. (2018). Effects of four soil-originated Bacillus spp. on the great spruce bark beetle, Dendroctonus micans (Kugelann)(Coleoptera: Curculionidae, Scolytinae). Egyptian Journal of Biological Pest Control, 28(1), 70."
649,Dendroctonus micans,Bacteria,Bacillus thuringiensis,Turkey,,laboratory,,morphological,,four soil-originated Bacillus spp.,,infection test,"Odabas Alver et al., 2018",2018,full text,"Odabas Alver, D., & Ertürk, Ö. (2018). Effects of four soil-originated Bacillus spp. on the great spruce bark beetle, Dendroctonus micans (Kugelann)(Coleoptera: Curculionidae, Scolytinae). Egyptian Journal of Biological Pest Control, 28(1), 70."
650,Ips avulsus,Fungi,Beauveria bassiana,United States,,field,,morphological,,,,pathogenicity test,"Olatinwo et al., 2018",2018,full text,"Olatinwo, R., Walters, S., & Strom, B. (2018). Impact of Beauveria bassiana (Ascomycota: Hypocreales) on the Small Southern Pine Engraver (Coleoptera: Scolytidae) in a Loblolly Pine Bolt Assay1. Journal of Entomological Science, 53(2), 180-191."
651,Dendroctonus frontalis,Fungi,Metarhizium anisopliae,,,laboratory,,,,,,pathogenicity test,"Pabst and Sikorowski, 1981",1981,only English abstract,"Pabst, G. S., & Sikorowski, P. P. (1981). Susceptibility of southern pine beetle (Dendroctonus frontalis) on oligidic medium to Paecilomyces viridis and also Beauveria bassiana, and Metarhizium anisopliae."
652,Dendroctonus frontalis,Fungi,Beauveria bassiana,,,laboratory,,,,,,pathogenicity test,"Pabst and Sikorowski, 1981",1981,only English abstract,"Pabst, G. S., & Sikorowski, P. P. (1981). Susceptibility of southern pine beetle (Dendroctonus frontalis) on oligidic medium to Paecilomyces viridis and also Beauveria bassiana, and Metarhizium anisopliae."
653,Dendroctonus frontalis,Fungi,Paecilomyces viridis,,,laboratory,,,,,,pathogenicity test,"Pabst and Sikorowski, 1981",1981,only English abstract,"Pabst, G. S., & Sikorowski, P. P. (1981). Susceptibility of southern pine beetle (Dendroctonus frontalis) on oligidic medium to Paecilomyces viridis and also Beauveria bassiana, and Metarhizium anisopliae."
654,Polygraphus proximus,Fungi,Beauveria bassiana,,,,,,,isolated from Dendrolimus sibiricus,,pathogenicity test,"Pavlov et al., 2020",2020,full text,"Pavlov, I. N., Litovka, Y. A., Golubev, D. V., Astapenko, S. A., Chromogin, P. V., Usoltseva, Y. V., ... & Petrenko, S. M. (2020). Mass reproduction of Polygraphus proximus Blandford in fir forests of Siberia infected with root and stem pathogens: monitoring, patterns, and biological control. Contemporary Problems of Ecology, 13(1), 71-84."
655,Ips amitinus,Fungi,Beauveria bassiana,Russia,association report,,,molecular,,,,,"Pavlov et al., 2023",2023,full text,"Pavlov, I. N., Vasaitis, R., Litovka, Y. A., Timofeev, A. A., & Menkis, A. (2023). Infestation by Ips amitinus (Eichhoff, 1872), its associated fungi, and butt rots in stands of Pinus sibirica in South-Western Siberia. Forests, 14(12), 2383."
656,Pityokteines curvidens,Microsporidia,Chytridiopsis cf. typographi,Croatia,pathogen; occurrence survey,,,,midgut epithelium,isolated from beetle,,,"Pernek et al., 2009",2009,full text,"Pernek, M., Matošević, D., Hrašovec, B., Kučinić, M., & Wegensteiner, R. (2009). Occurrence of pathogens in outbreak populations of Pityokteines spp.(Coleoptera, Curculionidae, Scolytinae) in silver fir forests. Journal of Pest Science, 82(4), 343-349."
657,Pityokteines curvidens,Protist,Gregarina sp.,Croatia,pathogen; occurrence survey,,,,midgut lumen,isolated from beetle,,,"Pernek et al., 2009",2009,full text,"Pernek, M., Matošević, D., Hrašovec, B., Kučinić, M., & Wegensteiner, R. (2009). Occurrence of pathogens in outbreak populations of Pityokteines spp.(Coleoptera, Curculionidae, Scolytinae) in silver fir forests. Journal of Pest Science, 82(4), 343-349."
658,Pityokteines spinidens,Protist,Gregarina sp.,Croatia,pathogen; occurrence survey,,,,midgut lumen,isolated from beetle,,,"Pernek et al., 2009",2009,full text,"Pernek, M., Matošević, D., Hrašovec, B., Kučinić, M., & Wegensteiner, R. (2009). Occurrence of pathogens in outbreak populations of Pityokteines spp.(Coleoptera, Curculionidae, Scolytinae) in silver fir forests. Journal of Pest Science, 82(4), 343-349."
659,Pityokteines spinidens,Microsporidia,Chytridiopsis cf. typographi,Croatia,pathogen; occurrence survey,,,,midgut epithelium,isolated from beetle,,,"Pernek et al., 2009",2009,full text,"Pernek, M., Matošević, D., Hrašovec, B., Kučinić, M., & Wegensteiner, R. (2009). Occurrence of pathogens in outbreak populations of Pityokteines spp.(Coleoptera, Curculionidae, Scolytinae) in silver fir forests. Journal of Pest Science, 82(4), 343-349."
660,Pityokteines spinidens,Microsporidia,Canningia spinidentis,Croatia,pathogen; occurrence survey,,,,fat body; gonads; midgut epithelium,isolated from beetle,,,"Pernek et al., 2009",2009,full text,"Pernek, M., Matošević, D., Hrašovec, B., Kučinić, M., & Wegensteiner, R. (2009). Occurrence of pathogens in outbreak populations of Pityokteines spp.(Coleoptera, Curculionidae, Scolytinae) in silver fir forests. Journal of Pest Science, 82(4), 343-349."
661,Pityokteines spinidens,Protist,Menzbieria sp.,Croatia,pathogen; occurrence survey,,,,midgut epithelium,isolated from beetle,,,"Pernek et al., 2009",2009,full text,"Pernek, M., Matošević, D., Hrašovec, B., Kučinić, M., & Wegensteiner, R. (2009). Occurrence of pathogens in outbreak populations of Pityokteines spp.(Coleoptera, Curculionidae, Scolytinae) in silver fir forests. Journal of Pest Science, 82(4), 343-349."
662,Pityokteines vorontzovi,Microsporidia,Chytridiopsis cf. typographi,Croatia,pathogen; occurrence survey,,,,midgut epithelium,isolated from beetle,,,"Pernek et al., 2009",2009,full text,"Pernek, M., Matošević, D., Hrašovec, B., Kučinić, M., & Wegensteiner, R. (2009). Occurrence of pathogens in outbreak populations of Pityokteines spp.(Coleoptera, Curculionidae, Scolytinae) in silver fir forests. Journal of Pest Science, 82(4), 343-349."
663,Pityokteines vorontzovi,Protist,Gregarina sp.,Croatia,pathogen; occurrence survey,,,,midgut lumen,isolated from beetle,,,"Pernek et al., 2009",2009,full text,"Pernek, M., Matošević, D., Hrašovec, B., Kučinić, M., & Wegensteiner, R. (2009). Occurrence of pathogens in outbreak populations of Pityokteines spp.(Coleoptera, Curculionidae, Scolytinae) in silver fir forests. Journal of Pest Science, 82(4), 343-349."
664,Pityokteines curvidens,Fungi,Beauveria bassiana,Croatia,,,,,,,,pathogenicity test,"Pernek, 2007",2007,full text,"Pernek, M. (2007). Influence of the entomopathogenic fungi Beauveria bassiana on the mortality of fir bark beetles Pityokteines spinidens and Pityokteines curvidens. Radovi, 42(2), 143-153."
665,Pityokteines spinidens,Fungi,Beauveria bassiana,Croatia,,,,,,,,pathogenicity test,"Pernek, 2007",2007,full text,"Pernek, M. (2007). Influence of the entomopathogenic fungi Beauveria bassiana on the mortality of fir bark beetles Pityokteines spinidens and Pityokteines curvidens. Radovi, 42(2), 143-153."
666,Scolytus multistriatus,Bacteria,bacteria,Europe,,,,,,,,,Pesson et al. 1955,1955,non full-text ,"Pesson P., C. Toumonoff & C. Chararas 1955. Étude des epizooties bactériennes observées dans les élevages d’insectes xylophages. Annales Épiphyties 6, 315-28."
667,Hylastes ater,Fungi,Beauveria bassiana,Great Britain,pathogen,,,,,,,,"Petch, 1932",1932,full text,"Petch, T., 1932. A list of the entomogenous fungi of Great Britain. T. Brit. Mycol. Soc. 17, 170–178."
668,Ips typographus,Virus,ItEPV,Bulgaria,,,,,,,,,"Pilarska et al., 2018",2018,full text,"Pilarska, D., Georgiev, G., Dobreva, M., Takov, D., Mirchev, P., Doychev, D., ... & Hajek, A. E. (2018). Pathogens and parasitoids of forest pest insects in the region of Forest Protection Station Plovdiv during the period 1990–2017. Silva, 19, 3."
669,Ips typographus,Protist,Gregarina typographi,Bulgaria,,,,,,,,,"Pilarska et al., 2018",2018,full text,"Pilarska, D., Georgiev, G., Dobreva, M., Takov, D., Mirchev, P., Doychev, D., ... & Hajek, A. E. (2018). Pathogens and parasitoids of forest pest insects in the region of Forest Protection Station Plovdiv during the period 1990–2017. Silva, 19, 3."
670,Ips sexdentatus,Protist,Gregarina typographi,Bulgaria,,,,,,,,,"Pilarska et al., 2018",2018,full text,"Pilarska, D., Georgiev, G., Dobreva, M., Takov, D., Mirchev, P., Doychev, D., ... & Hajek, A. E. (2018). Pathogens and parasitoids of forest pest insects in the region of Forest Protection Station Plovdiv during the period 1990–2017. Silva, 19, 3."
671,Ips acuminatus,Protist,Gregarina typographi,Bulgaria,,,,,,,,,"Pilarska et al., 2018",2018,full text,"Pilarska, D., Georgiev, G., Dobreva, M., Takov, D., Mirchev, P., Doychev, D., ... & Hajek, A. E. (2018). Pathogens and parasitoids of forest pest insects in the region of Forest Protection Station Plovdiv during the period 1990–2017. Silva, 19, 3."
672,Ips typographus,Microsporidia,Chytridiopsis typographi,Bulgaria,,,,,,,,,"Pilarska et al., 2018",2018,full text,"Pilarska, D., Georgiev, G., Dobreva, M., Takov, D., Mirchev, P., Doychev, D., ... & Hajek, A. E. (2018). Pathogens and parasitoids of forest pest insects in the region of Forest Protection Station Plovdiv during the period 1990–2017. Silva, 19, 3."
673,Dryocoetes autographus,Fungi,Beauveria bassiana,Bulgaria,,,,,,,,,"Pilarska et al., 2018",2018,full text,"Pilarska, D., Georgiev, G., Dobreva, M., Takov, D., Mirchev, P., Doychev, D., ... & Hajek, A. E. (2018). Pathogens and parasitoids of forest pest insects in the region of Forest Protection Station Plovdiv during the period 1990–2017. Silva, 19, 3."
674,Hylurgops palliatus,Fungi,Beauveria bassiana,Bulgaria,,,,,,,,,"Pilarska et al., 2018",2018,full text,"Pilarska, D., Georgiev, G., Dobreva, M., Takov, D., Mirchev, P., Doychev, D., ... & Hajek, A. E. (2018). Pathogens and parasitoids of forest pest insects in the region of Forest Protection Station Plovdiv during the period 1990–2017. Silva, 19, 3."
675,Trypodendron lineatum,Fungi,Beauveria bassiana,,,,,,,,,,"Prazak, 1988",1988,non full-text ,"Prazak R. 1988. Die Wirkung des insektenpathogenen Pilzes Beauveria bassiana (Bals.) Vuill. auf den Gestreiften Nutzholzborkenkäfer Trypodendron lineatum Oliv. (Coleoptera: Scolytidae). PhD thesis, Universität für Bodenkultur Wien."
676,Trypodendron lineatum,Fungi,Beauveria bassiana,,,,,,,,,pathogenicity test,"Prazak, 1991",1991,full text,"Prazak R. 1991. Studies on indirect infection of Trypodendron lineatum Oliv. with Beauveria bassiana (Bals.) Vuill. Journal of Applied Entomology 111, 431-41."
677,Trypodendron lineatum,Fungi,Beauveria bassiana,,,laboratory,,,cuticular contact,,,pathogenicity test,"Prazak, 1997",1997,full text,"Prazak R. 1997. Laboratory evaluation of Beauveria bassiana (Bals.) Vuill. (Deuteromycotina: Hyphomycetes) against Trypodendron lineatum Oliv. (Coleopetra: Scolytidae). Journal of Plant Diseases and Protection 104, 459-65."
678,Ips typographus,Virus,ItEPV,,,,,,,,,,"Pultar and Weiser, 1999",1999,non full-text ,Pultar O. & J. Weiser 1999. Infection of Ips typographus with entomopoxvirus in the forest. Poster at 7th IOBC/wprs meeting in Vienna.
679,Pityogenes chalcographus,Protist,Malamoeba scolyti,,,,,,,,,pathogenicity test,"Purrini and Führer, 1979",1979,only English abstract,"Purrini K. & E. Führer 1979. Experimentelle Infektion von Pityogenes chalcographus L. (Col.: Scolytidae) durch Malamoeba scolyti Purrini (Amoebina, Amoebidae) und Menzbieria chalcographi Weiser (Neogregarina, Ophryocystidae). Anzeiger für Schädlingskunde, Pflanzenschutz, Umweltschutz 52, 167-73."
680,Pityogenes chalcographus,Protist,Menzbieria chalcographi,,,,,,,,,pathogenicity test,"Purrini and Führer, 1979",1979,only English abstract,"Purrini K. & E. Führer 1979. Experimentelle Infektion von Pityogenes chalcographus L. (Col.: Scolytidae) durch Malamoeba scolyti Purrini (Amoebina, Amoebidae) und Menzbieria chalcographi Weiser (Neogregarina, Ophryocystidae). Anzeiger für Schädlingskunde, Pflanzenschutz, Umweltschutz 52, 167-73."
681,Pityogenes calcaratus,Microsporidia,Nosema calcarati,Israel,parasite,,,,,,,,"Purrini and Halperin, 1982",1982,full text,"Purrini K. & J. Halperin 1982. Nosema calcarati n.sp. (Microsporidia), a new parasite of Pityogenes calcaratus Eichhoff (Col., Scolytidae). Zeitschrift für angewandte Entomologie 94, 87-92."
682,Hylesinus fraxini,Protist,Ophryocystis hylesini,Germany,parasite,,,,,,,,"Purrini and Ormieres, 1981",1981,full text,"Purrini K. & R. Ormieres 1981. On three new sporozoan parasites of bark beetles (Scolytidae, Coleoptera). Zeitschrift für angewandte Entomologie 91, 67-74."
683,Trypodendron domesticum,Microsporidia,Pleistophora xyloteri,Germany,parasite,,,,,,,,"Purrini and Ormieres, 1981",1981,full text,"Purrini K. & R. Ormieres 1981. On three new sporozoan parasites of bark beetles (Scolytidae, Coleoptera). Zeitschrift für angewandte Entomologie 91, 67-74."
684,Dryocoetes autographus,Microsporidia,Nosema dryocoetesi,Germany,parasite,,,,,,,,"Purrini and Ormieres, 1981",1981,full text,"Purrini K. & R. Ormieres 1981. On three new sporozoan parasites of bark beetles (Scolytidae, Coleoptera). Zeitschrift für angewandte Entomologie 91, 67-74."
685,Hylastes cunicularius,Microsporidia,Chytridiopsis typographi,,parasite,,,,,,,,"Purrini and Weiser, 1984",1984,only English abstract,"Purrini K. & J. Weiser 1984. Light- and electron microscopic studies of Chytridiopsis typographi (Weiser 1954) Weiser 1970 (Microspora), parasitizing the bark beetle Hylastes cunicularius Er. Zoologischer Anzeiger, Jena 212, 369-76."
686,Ips typographus,Microsporidia,Chytridiopsis typographi,Germany,parasite,,,,,,,,"Purrini and Weiser, 1985",1985,full text,"Purrini K. & J. Weiser 1985. Ultrastructural study of the microsporidian Chytridiopsis typographi (Chytridiopsida: Microspora) infecting the bark beetle Ips typographus (Scolytidae: Coleoptera), with new data on spore dimorphism. Journal of Invertebrate Pathology 45, 66-74."
687,Dryocoetes autographus,Protist,Malamoeba scolyti,Germany,parasite,,,,,,,,"Purrini and Zizka, 1983",1983,full text,"Purrini K. & Z. Zizka 1983. More on the life cycle of Malamoeba scolyti (Amoebidae: Sarcomastigophora) parasitizing the bark beetle Dryocoetes autographus (Scolytidae, Coleoptera). Journal of Invertebrate Pathology 42, 96-105."
688,Hylurgops palliatus,Protist,Malamoeba scolyti,Germany,parasite,,,,,,,,"Purrini and Zizka, 1983",1983,full text,"Purrini K. & Z. Zizka 1983. More on the life cycle of Malamoeba scolyti (Amoebidae: Sarcomastigophora) parasitizing the bark beetle Dryocoetes autographus (Scolytidae, Coleoptera). Journal of Invertebrate Pathology 42, 96-105."
689,Scolytus scolytus,Microsporidia,Stempellia cf. scolyti,Germany,,,,,,,,,"Purrini, 1975",1975,full text,"Purrini K. 1975. Zur Kenntnis der Krankheiten des Großen Ulmensplintkäfers, Scolytus scolytus F. im Gebiet von Kosovo, Jugoslawien. Anzeiger für Schädlingskunde, Pflanzenschutz, Umweltschutz 48, 154-56."
690,Dryocoetes autographus,Protist,Mattesia sp.,Germany,pathogen,,,,,,,,"Purrini, 1977",1977,full text,"Purrini K. 1977. Über eine neue Schizogregarinen-Krankheit der Gattung Mattesia Naville (Sporozoa, Dischizae) des Zottigen Fichtenborkenkäfers, Dryocoetes autographus Ratz (Coleoptera, Scolytidae). Anzeiger für Schädlingskunde, Pflanzenschutz, Umweltschutz 50, 132-35."
691,Dryocoetes autographus,Protist,Malamoeba cf. locustae,Germany,pathogen,,,,,,,,"Purrini, 1978a",1978,full text,"Purrini K. 1978. Über Malamoeba locustae King and Taylor (Protozoa, Rhizopoda, Amoebidae) beim Zottigen Fichtenborkenkäfer, Dryocoetes autographus Ratz (Col.: Scolytidae). Anzeiger für Schädlingskunde, Pflanzenschutz, Umweltschutz 51, 139-41."
692,Ips typographus,Protist,Gregarina typographi,Germany,,,,morphological,,,,,"Purrini, 1978b",1978,full text,"Purrini K. 1978. Protozoen als Krankheitserreger bei einigen Borkenkäferarten (Col., Scolytidae) im Königsee-Gebiet, Oberbayern. Anzeiger für Schädlingskunde, Pflanzenschutz, Umweltschutz 51, 171-75."
693,Dryocoetes autographus,Protist,Menzbieria cf. chalcographi,Germany,,,,morphological,,,,,"Purrini, 1978b",1978,full text,"Purrini K. 1978. Protozoen als Krankheitserreger bei einigen Borkenkäferarten (Col., Scolytidae) im Königsee-Gebiet, Oberbayern. Anzeiger für Schädlingskunde, Pflanzenschutz, Umweltschutz 51, 171-75."
694,Dryocoetes autographus,Protist,Mattesia schwenkei,Germany,,,,morphological,,,,,"Purrini, 1978b",1978,full text,"Purrini K. 1978. Protozoen als Krankheitserreger bei einigen Borkenkäferarten (Col., Scolytidae) im Königsee-Gebiet, Oberbayern. Anzeiger für Schädlingskunde, Pflanzenschutz, Umweltschutz 51, 171-75."
695,Dryocoetes autographus,Protist,Malamoeba cf. locustae,Germany,,,,morphological,,,,,"Purrini, 1978b",1978,full text,"Purrini K. 1978. Protozoen als Krankheitserreger bei einigen Borkenkäferarten (Col., Scolytidae) im Königsee-Gebiet, Oberbayern. Anzeiger für Schädlingskunde, Pflanzenschutz, Umweltschutz 51, 171-75."
696,Hylurgops palliatus,Protist,Nosema cf. typographi,Germany,,,,morphological,,,,,"Purrini, 1978b",1978,full text,"Purrini K. 1978. Protozoen als Krankheitserreger bei einigen Borkenkäferarten (Col., Scolytidae) im Königsee-Gebiet, Oberbayern. Anzeiger für Schädlingskunde, Pflanzenschutz, Umweltschutz 51, 171-75."
697,Hylurgops glabratus,Protist,Menzbieria cf. chalcographi,Germany,,,,morphological,,,,,"Purrini, 1978b",1978,full text,"Purrini K. 1978. Protozoen als Krankheitserreger bei einigen Borkenkäferarten (Col., Scolytidae) im Königsee-Gebiet, Oberbayern. Anzeiger für Schädlingskunde, Pflanzenschutz, Umweltschutz 51, 171-75."
698,Hylurgops glabratus,Protist,Mattesia schwenkei,Germany,,,,morphological,,,,,"Purrini, 1978b",1978,full text,"Purrini K. 1978. Protozoen als Krankheitserreger bei einigen Borkenkäferarten (Col., Scolytidae) im Königsee-Gebiet, Oberbayern. Anzeiger für Schädlingskunde, Pflanzenschutz, Umweltschutz 51, 171-75."
699,Dryocoetes autographus,Protist,Malamoeba scolyti,Germany,parasite,,,,,,,,"Purrini, 1980",1980,full text,"Purrini, K. (1980). Malamoeba scolyti sp. n.(Amoebidae, Rhizopoda, Protozoa) parasitizing the bark beetles, Dryocoetes autographus Ratz., and Hylurgops palliatus Gyll.(Scolytidae, Coleoptera). Archiv für Protistenkunde, 123(3), 358-366."
700,Hylurgops palliatus,Protist,Malamoeba scolyti,Germany,parasite,,,,,,,,"Purrini, 1980",1980,full text,"Purrini, K. (1980). Malamoeba scolyti sp. n.(Amoebidae, Rhizopoda, Protozoa) parasitizing the bark beetles, Dryocoetes autographus Ratz., and Hylurgops palliatus Gyll.(Scolytidae, Coleoptera). Archiv für Protistenkunde, 123(3), 358-366."
701,Hylastes ater,Fungi,Beauveria bassiana,New Zealand,pathogen,laboratory,,molecular,,isolated from cadaver,,pathogenicity test,"Reay et al., 2008",2008,full text,"Reay, S. D., Brownbridge, M., Cummings, N. J., Nelson, T. L., Souffre, B., Lignon, C., & Glare, T. R. (2008). Isolation and characterization of Beauveria spp. associated with exotic bark beetles in New Zealand Pinus radiata plantation forests. Biological Control, 46(3), 484-494."
702,Hylastes ater,Fungi,Beauveria caledonica,New Zealand,pathogen,laboratory,,molecular,,isolated from cadaver,,pathogenicity test,"Reay et al., 2008",2008,full text,"Reay, S. D., Brownbridge, M., Cummings, N. J., Nelson, T. L., Souffre, B., Lignon, C., & Glare, T. R. (2008). Isolation and characterization of Beauveria spp. associated with exotic bark beetles in New Zealand Pinus radiata plantation forests. Biological Control, 46(3), 484-494."
703,Hylastes ater,Fungi,Beauveria malawiensis,New Zealand,pathogen,laboratory,,molecular,,isolated from cadaver,,pathogenicity test,"Reay et al., 2008",2008,full text,"Reay, S. D., Brownbridge, M., Cummings, N. J., Nelson, T. L., Souffre, B., Lignon, C., & Glare, T. R. (2008). Isolation and characterization of Beauveria spp. associated with exotic bark beetles in New Zealand Pinus radiata plantation forests. Biological Control, 46(3), 484-494."
704,Hylurgus ligniperda,Fungi,Beauveria bassiana,New Zealand,pathogen,laboratory,,molecular,,isolated from cadaver,,pathogenicity test,"Reay et al., 2008",2008,full text,"Reay, S. D., Brownbridge, M., Cummings, N. J., Nelson, T. L., Souffre, B., Lignon, C., & Glare, T. R. (2008). Isolation and characterization of Beauveria spp. associated with exotic bark beetles in New Zealand Pinus radiata plantation forests. Biological Control, 46(3), 484-494."
705,Hylurgus ligniperda,Fungi,Beauveria caledonica,New Zealand,pathogen,laboratory,,molecular,,isolated from cadaver,,pathogenicity test,"Reay et al., 2008",2008,full text,"Reay, S. D., Brownbridge, M., Cummings, N. J., Nelson, T. L., Souffre, B., Lignon, C., & Glare, T. R. (2008). Isolation and characterization of Beauveria spp. associated with exotic bark beetles in New Zealand Pinus radiata plantation forests. Biological Control, 46(3), 484-494."
706,Hylurgus ligniperda,Fungi,Beauveria malawiensis,New Zealand,pathogen,laboratory,,molecular,,isolated from cadaver,,pathogenicity test,"Reay et al., 2008",2008,full text,"Reay, S. D., Brownbridge, M., Cummings, N. J., Nelson, T. L., Souffre, B., Lignon, C., & Glare, T. R. (2008). Isolation and characterization of Beauveria spp. associated with exotic bark beetles in New Zealand Pinus radiata plantation forests. Biological Control, 46(3), 484-494."
707,Hylastes ater,Fungi,Beauveria bassiana,New Zealand,pathogen,laboratory,,molecular,,isolated from cadaver,,pathogenicity test,"Reay et al., 2010",2010,full text,"Reay, S. D., Brownbridge, M., Gicquel, B., Cummings, N. J., & Nelson, T. L. (2010). Isolation and characterization of endophytic Beauveria spp.(Ascomycota: Hypocreales) from Pinus radiata in New Zealand forests. Biological Control, 54(1), 52-60."
708,Hylurgus ligniperda,Fungi,Beauveria bassiana,New Zealand,pathogen,laboratory,,molecular,,isolated from cadaver,,pathogenicity test,"Reay et al., 2010",2010,full text,"Reay, S. D., Brownbridge, M., Gicquel, B., Cummings, N. J., & Nelson, T. L. (2010). Isolation and characterization of endophytic Beauveria spp.(Ascomycota: Hypocreales) from Pinus radiata in New Zealand forests. Biological Control, 54(1), 52-60."
709,Hypothenemus hampei,Fungi,Beauveria bassiana,Cameroon,pathogen; association report,,,,,culture collection,,,"Rehner et al., 2006",2006,full text,"Rehner, S. A., Posada, F., Buckley, E. P., Infante, F., Castillo, A., & Vega, F. E. (2006). Phylogenetic origins of African and Neotropical Beauveria bassiana sl pathogens of the coffee berry borer, Hypothenemus hampei. Journal of invertebrate pathology, 93(1), 11-21."
710,Hypothenemus hampei,Fungi,Beauveria bassiana,Côte d’Ivoire,pathogen; association report,,,,,culture collection,,,"Rehner et al., 2006",2006,full text,"Rehner, S. A., Posada, F., Buckley, E. P., Infante, F., Castillo, A., & Vega, F. E. (2006). Phylogenetic origins of African and Neotropical Beauveria bassiana sl pathogens of the coffee berry borer, Hypothenemus hampei. Journal of invertebrate pathology, 93(1), 11-21."
711,Hypothenemus hampei,Fungi,Beauveria bassiana,Togo,pathogen; association report,,,,,culture collection,,,"Rehner et al., 2006",2006,full text,"Rehner, S. A., Posada, F., Buckley, E. P., Infante, F., Castillo, A., & Vega, F. E. (2006). Phylogenetic origins of African and Neotropical Beauveria bassiana sl pathogens of the coffee berry borer, Hypothenemus hampei. Journal of invertebrate pathology, 93(1), 11-21."
712,Hypothenemus hampei,Fungi,Beauveria bassiana,Kenya,pathogen; association report,,,,,culture collection,,,"Rehner et al., 2006",2006,full text,"Rehner, S. A., Posada, F., Buckley, E. P., Infante, F., Castillo, A., & Vega, F. E. (2006). Phylogenetic origins of African and Neotropical Beauveria bassiana sl pathogens of the coffee berry borer, Hypothenemus hampei. Journal of invertebrate pathology, 93(1), 11-21."
713,Hypothenemus hampei,Fungi,Beauveria bassiana,Mexico,pathogen; association report,,,,,culture collection,,,"Rehner et al., 2006",2006,full text,"Rehner, S. A., Posada, F., Buckley, E. P., Infante, F., Castillo, A., & Vega, F. E. (2006). Phylogenetic origins of African and Neotropical Beauveria bassiana sl pathogens of the coffee berry borer, Hypothenemus hampei. Journal of invertebrate pathology, 93(1), 11-21."
714,Hypothenemus hampei,Fungi,Beauveria bassiana,Nicaragua,pathogen; association report,,,,,culture collection,,,"Rehner et al., 2006",2006,full text,"Rehner, S. A., Posada, F., Buckley, E. P., Infante, F., Castillo, A., & Vega, F. E. (2006). Phylogenetic origins of African and Neotropical Beauveria bassiana sl pathogens of the coffee berry borer, Hypothenemus hampei. Journal of invertebrate pathology, 93(1), 11-21."
715,Hypothenemus hampei,Fungi,Beauveria bassiana, Ivory Coast,pathogen; association report,,,,,culture collection,,,"Rehner et al., 2006",2006,full text,"Rehner, S. A., Posada, F., Buckley, E. P., Infante, F., Castillo, A., & Vega, F. E. (2006). Phylogenetic origins of African and Neotropical Beauveria bassiana sl pathogens of the coffee berry borer, Hypothenemus hampei. Journal of invertebrate pathology, 93(1), 11-21."
716,Hypothenemus hampei,Fungi,Beauveria bassiana,Colombia,pathogen; association report,,,,,culture collection,,,"Rehner et al., 2006",2006,full text,"Rehner, S. A., Posada, F., Buckley, E. P., Infante, F., Castillo, A., & Vega, F. E. (2006). Phylogenetic origins of African and Neotropical Beauveria bassiana sl pathogens of the coffee berry borer, Hypothenemus hampei. Journal of invertebrate pathology, 93(1), 11-21."
717,Xyleborus affinis,Fungi,Metarhizium robertsii,Mexico,pathogen,,,,,culture collection,,pathogenicity test,"Reynoso-López et al., 2021",2021,full text,"Reynoso-López, E. A., Méndez-Hernández, J. E., Ek-Ramos, J., Montesinos-Matías, R., & Loera, O. (2021). Metarhizium robertsii in combination with Trichoderma asperellum reduce the malathion doses used to control ambrosia beetles: the case of Xyleborus affinis. Biocontrol Science and Technology, 31(10), 1080-1097."
718,Dendroctonus ponderosae,Fungi,Beauveria bassiana,Canada,pathogen,,,,,culture collection,,,"Rosana et al., 2021",2021,full text,"Rosana, A. R. R., Pokorny, S., Klutsch, J. G., Ibarra-Romero, C., Sanichar, R., Engelhardt, D., ... & Vederas, J. C. (2021). Selection of entomopathogenic fungus Beauveria bassiana (Deuteromycotina: Hyphomycetes) for the biocontrol of Dendroctonus ponderosae (Coleoptera: Curculionidae, Scolytinae) in Western Canada. Applied Microbiology and Biotechnology, 105(6), 2541-2557."
719,Tomicus minor,Fungi,Beauveria bassiana,Italy,pathogen,,,,,isolated from cadaver,,,"Schebeck et al., 2016",2016,only English abstract,"Schebeck, M., Wrzosek, M., Clausi, M., Tarasco, E., Tkaczuk, C., & Wegensteiner, R. (2016). First record of Beauveria bassiana on Tomicus minor in Sicily."
720,Dendroctonus micans,Fungi,Metarhizium anisopliae,Turkey,,laboratory,,,,isolated from soil,,virulence test,"Sevim et al., 2009",2009,full text,"Sevim, A., Demir, I., Tanyeli, E., & Demirbağ, Z. (2010). Screening of entomopathogenic fungi against the European spruce bark beetle, Dendroctonus micans (Coleoptera: Scolytidae). Biocontrol Science and Technology, 20(1), 3-11."
721,Dendroctonus micans,Fungi,Beauveria bassiana,Turkey,,laboratory,,,,isolated from Rhynchites baccus and Thaumetopoea pityocampa,,virulence test,"Sevim et al., 2009",2009,full text,"Sevim, A., Demir, I., Tanyeli, E., & Demirbağ, Z. (2010). Screening of entomopathogenic fungi against the European spruce bark beetle, Dendroctonus micans (Coleoptera: Scolytidae). Biocontrol Science and Technology, 20(1), 3-11."
722,Dendroctonus micans,Fungi,Beauveria cf. bassiana,Turkey,,laboratory,,,,isolated from soil,,virulence test,"Sevim et al., 2009",2009,full text,"Sevim, A., Demir, I., Tanyeli, E., & Demirbağ, Z. (2010). Screening of entomopathogenic fungi against the European spruce bark beetle, Dendroctonus micans (Coleoptera: Scolytidae). Biocontrol Science and Technology, 20(1), 3-11."
723,Dendroctonus micans,Fungi,Metarhizium sp.,Turkey,,laboratory,,,,isolated from soil,,virulence test,"Sevim et al., 2009",2009,full text,"Sevim, A., Demir, I., Tanyeli, E., & Demirbağ, Z. (2010). Screening of entomopathogenic fungi against the European spruce bark beetle, Dendroctonus micans (Coleoptera: Scolytidae). Biocontrol Science and Technology, 20(1), 3-11."
724,Dendroctonus micans,Fungi,Isaria fumosorosea,Turkey,,laboratory,,,,isolated from soil,,virulence test,"Sevim et al., 2009",2009,full text,"Sevim, A., Demir, I., Tanyeli, E., & Demirbağ, Z. (2010). Screening of entomopathogenic fungi against the European spruce bark beetle, Dendroctonus micans (Coleoptera: Scolytidae). Biocontrol Science and Technology, 20(1), 3-11."
725,Dendroctonus micans,Fungi,Evlachovaea sp.,Turkey,,laboratory,,,,isolated from soil,,virulence test,"Sevim et al., 2009",2009,full text,"Sevim, A., Demir, I., Tanyeli, E., & Demirbağ, Z. (2010). Screening of entomopathogenic fungi against the European spruce bark beetle, Dendroctonus micans (Coleoptera: Scolytidae). Biocontrol Science and Technology, 20(1), 3-11."
726,Dendroctonus frontalis,Virus,Flacherie virus ,United States,,,,morphological,,isolated from infected beetle,,,Sikorowski et al. 1996,1996,full text,"Sikorowski P.P., A.M. Lawrence, T.E. Nebeker & T.S. Price 1996. Virus and Virus-like Particles Found in Southern Pine Beetle Adults in Mississippi and Georgia. Mississippi Agricultural & Forestry Experiment Station Technical Bulletin 212, 1-9."
727,Dendroctonus frontalis,Virus,Enteroviruses,United States,,,,morphological,,isolated from infected beetle,,,Sikorowski et al. 1996,1996,full text,"Sikorowski P.P., A.M. Lawrence, T.E. Nebeker & T.S. Price 1996. Virus and Virus-like Particles Found in Southern Pine Beetle Adults in Mississippi and Georgia. Mississippi Agricultural & Forestry Experiment Station Technical Bulletin 212, 1-9."
728,Dendroctonus frontalis,Virus,Cardioviruses,United States,,,,morphological,,isolated from infected beetle,,,Sikorowski et al. 1996,1996,full text,"Sikorowski P.P., A.M. Lawrence, T.E. Nebeker & T.S. Price 1996. Virus and Virus-like Particles Found in Southern Pine Beetle Adults in Mississippi and Georgia. Mississippi Agricultural & Forestry Experiment Station Technical Bulletin 212, 1-9."
729,Dendroctonus frontalis,Virus,Rhinoviruses,United States,,,,morphological,,isolated from infected beetle,,,Sikorowski et al. 1996,1996,full text,"Sikorowski P.P., A.M. Lawrence, T.E. Nebeker & T.S. Price 1996. Virus and Virus-like Particles Found in Southern Pine Beetle Adults in Mississippi and Georgia. Mississippi Agricultural & Forestry Experiment Station Technical Bulletin 212, 1-9."
730,Dendroctonus frontalis,Virus,Aphthoviruses,United States,,,,morphological,,isolated from infected beetle,,,Sikorowski et al. 1996,1996,full text,"Sikorowski P.P., A.M. Lawrence, T.E. Nebeker & T.S. Price 1996. Virus and Virus-like Particles Found in Southern Pine Beetle Adults in Mississippi and Georgia. Mississippi Agricultural & Forestry Experiment Station Technical Bulletin 212, 1-9."
731,Dendroctonus frontalis,Virus,Bunyaviruses,United States,,,,morphological,,isolated from infected beetle,,,Sikorowski et al. 1996,1996,full text,"Sikorowski P.P., A.M. Lawrence, T.E. Nebeker & T.S. Price 1996. Virus and Virus-like Particles Found in Southern Pine Beetle Adults in Mississippi and Georgia. Mississippi Agricultural & Forestry Experiment Station Technical Bulletin 212, 1-9."
732,Dendroctonus frontalis,Virus,"Baculovirus, nuclear polyhedrosis viruses",United States,,,,morphological,,isolated from infected beetle,,,Sikorowski et al. 1996,1996,full text,"Sikorowski P.P., A.M. Lawrence, T.E. Nebeker & T.S. Price 1996. Virus and Virus-like Particles Found in Southern Pine Beetle Adults in Mississippi and Georgia. Mississippi Agricultural & Forestry Experiment Station Technical Bulletin 212, 1-9."
733,Dendroctonus frontalis,Virus,"Baculovirus, granulosis viruses",United States,,,,morphological,,isolated from infected beetle,,,Sikorowski et al. 1996,1996,full text,"Sikorowski P.P., A.M. Lawrence, T.E. Nebeker & T.S. Price 1996. Virus and Virus-like Particles Found in Southern Pine Beetle Adults in Mississippi and Georgia. Mississippi Agricultural & Forestry Experiment Station Technical Bulletin 212, 1-9."
734,Dendroctonus frontalis,Virus,"Baculovirus, nonoccluded rod-shaped nuclear viruses",United States,,,,morphological,,isolated from infected beetle,,,Sikorowski et al. 1996,1996,full text,"Sikorowski P.P., A.M. Lawrence, T.E. Nebeker & T.S. Price 1996. Virus and Virus-like Particles Found in Southern Pine Beetle Adults in Mississippi and Georgia. Mississippi Agricultural & Forestry Experiment Station Technical Bulletin 212, 1-9."
735,Dendroctonus frontalis,Virus,Unknown small RNA viruses,United States,,,,morphological,,isolated from infected beetle,,,Sikorowski et al. 1996,1996,full text,"Sikorowski P.P., A.M. Lawrence, T.E. Nebeker & T.S. Price 1996. Virus and Virus-like Particles Found in Southern Pine Beetle Adults in Mississippi and Georgia. Mississippi Agricultural & Forestry Experiment Station Technical Bulletin 212, 1-9."
736,Tomicus piniperda,Fungi,Beauveria bassiana,Finland,association report,,,,,,,,"Silva et al., 2015",2015,full text,"Silva, X., Terhonen, E., Sun, H., Kasanen, R., Heliövaara, K., Jalkanen, R., & Asiegbu, F. O. (2015). Comparative analyses of fungal biota carried by the pine shoot beetle (Tomicus piniperda L.) in northern and southern Finland. Scandinavian Journal of Forest Research, 30(6), 497-506."
737,Ips duplicatus,Nematode,Contortylenchus cylindricus,,parasite,,,,,,,,"Slankis, 1967",1967,only English abstract,"Slankis, A. (1967). Contortylenchus cylindricus n. sp. and Contortylenchus rarus n. sp.(Tylenchida: Contortylenchidae) parasitic in bark beetles and taxonomic notes on the genus Contortylenchus Ruhm 1956."
738,Hylurgops starki,Nematode,Contortylenchus rarus,,parasite,,,,,,,,"Slankis, 1967",1967,only English abstract,"Slankis, A. (1967). Contortylenchus cylindricus n. sp. and Contortylenchus rarus n. sp.(Tylenchida: Contortylenchidae) parasitic in bark beetles and taxonomic notes on the genus Contortylenchus Ruhm 1956."
739,Ips sexdentatus,Nematode,Contortylenchus pseudodiplogaster,Russia,parasite,,,,,,,,"Slankis, 1969",1969,,"Slankis, A. (1969). A new species of endoparasitic nematode, Contortylenchus pseudodiplogaster n. sp. from the bark beetle, Ips sexdentatus."
740,Dendroctonus simplex,Fungi,Beauveria bassiana,Canada,pathogen,laboratory,,,,culture collection,,pathogenicity test,"Srei et al., 2017",2017,full text,"Srei, N., Lavallée, R., & Guertin, C. (2017). Susceptibility of Dendroctonus simplex to Hypocreales fungi: towards the development of a biological control strategy. Journal of Applied Entomology, 141(6), 487-495."
741,Dendroctonus simplex,Fungi,Lecanicillium attenuatum,Canada,pathogen,laboratory,,,,culture collection,,pathogenicity test,"Srei et al., 2017",2017,full text,"Srei, N., Lavallée, R., & Guertin, C. (2017). Susceptibility of Dendroctonus simplex to Hypocreales fungi: towards the development of a biological control strategy. Journal of Applied Entomology, 141(6), 487-495."
742,Dendroctonus simplex,Fungi,Metarhizium anisopliae,Canada,pathogen,laboratory,,,,culture collection,,pathogenicity test,"Srei et al., 2017",2017,full text,"Srei, N., Lavallée, R., & Guertin, C. (2017). Susceptibility of Dendroctonus simplex to Hypocreales fungi: towards the development of a biological control strategy. Journal of Applied Entomology, 141(6), 487-495."
743,Ips sexdentatus,Fungi,Beauveria bassiana,,pathogen,laboratory,,,,,,,"Steinwender et al., 2010",2010,full text,"Steinwender, B. M., Krenn, H. W., & Wegensteiner, R. (2010). Different effects of the insectpathogenic fungus Beauveria bassiana (Deuteromycota) on the bark beetle Ips sexdentatus (Coleoptera: Curculionidae) and on its predator Thanasimus formicarius (Coleoptera: Cleridae). Journal of Plant Diseases and Protection, 117(1), 33-38."
744,Ips typographus,Virus,,Finland,viral diversity survey; high-throughput sequencing of total RNA,,,molecular,,evaluation of viral diversity from beetles,,,"Sutela et al., 2024",2024,full text,"Sutela, S., Siitonen, J., Ylioja, T., & Vainio, E. J. (2024). Viral diversity in the European spruce bark beetle Ips typographus as revealed through high-throughput sequencing. Crop Protection, 181, 106706."
745,Ips typographus,Fungi,Beauveria bassiana,,pathogen,semi-controlled laboratory condition,,,,,,pathogenicity test,"Tabakovic-Tošic and Milosavljevic, 2023",2023,only English abstract,"Tabakovic-Tošic, M., & Milosavljevic, M. (2023). Biological efficacy of the entomopathogenic fungus Beauveria bassiana for controlling the European spruce bark beetle Ips typographus (Coleoptera: Curculionidae) in semi-controlled laboratory conditions."
746,Ips sexdentatus,Protist,Gregarina typographi,Bulgaria,association report,,,,,,,,"Takov and Pilarska, 2008",2008,full text,"Takov, D., & Pilarska, D. (2008). Prevalence of Gregarina typographi Fuchs (Apicomplexa: Gregarinidae) and nematodes (Nematoda) in bark beetles (Coleoptera: Scolytinae) from Bulgaria depending on the host gender. Acta zoologica bulgarica, 60(3), 227-232."
747,Ips acuminatus,Protist,Gregarina typographi,Bulgaria,association report,,,,,,,,"Takov and Pilarska, 2008",2008,full text,"Takov, D., & Pilarska, D. (2008). Prevalence of Gregarina typographi Fuchs (Apicomplexa: Gregarinidae) and nematodes (Nematoda) in bark beetles (Coleoptera: Scolytinae) from Bulgaria depending on the host gender. Acta zoologica bulgarica, 60(3), 227-232."
748,Ips typographus,Virus,ItEPV,Bulgaria,,,,,,,,,"Takov and Pilarska, 2009",2009,full text,"Takov, D., & Pilarska, D. (2009). Single and mixed infections in Ips typographus (Coleoptera: Scolytinae) caused by the entomopathogens Entomopoxvirus typographi (Virales), Gregarina typographi (Sporozoa) and Chytridiopsis typographi (Microsporidia). Acta Zool Bulg, 61(1), 45-48."
749,Ips typographus,Protist,Gregarina typographi,Bulgaria,,,,,,,,,"Takov and Pilarska, 2009",2009,full text,"Takov, D., & Pilarska, D. (2009). Single and mixed infections in Ips typographus (Coleoptera: Scolytinae) caused by the entomopathogens Entomopoxvirus typographi (Virales), Gregarina typographi (Sporozoa) and Chytridiopsis typographi (Microsporidia). Acta Zool Bulg, 61(1), 45-48."
750,Ips typographus,Microsporidia,Chytridiopsis typographi,Bulgaria,,,,,,,,,"Takov and Pilarska, 2009",2009,full text,"Takov, D., & Pilarska, D. (2009). Single and mixed infections in Ips typographus (Coleoptera: Scolytinae) caused by the entomopathogens Entomopoxvirus typographi (Virales), Gregarina typographi (Sporozoa) and Chytridiopsis typographi (Microsporidia). Acta Zool Bulg, 61(1), 45-48."
751,Ips typographus,Virus,ItEPV,Bulgaria,pathogen,,,morphological,,isolated from beetle,,,"Takov et al., 2006",2006,full text,"Takov, D., Pilarska, D., & Wegensteiner, R. (2006). Entomopathogens in Ips typographus (Coleoptera: Scolytidae) from several spruce stands in Bulgaria. Acta zoologica bulgarica, 58(3), 409-420."
752,Ips typographus,Protist,Gregarina typographi,Bulgaria,pathogen,,,morphological,,isolated from beetle,,,"Takov et al., 2006",2006,full text,"Takov, D., Pilarska, D., & Wegensteiner, R. (2006). Entomopathogens in Ips typographus (Coleoptera: Scolytidae) from several spruce stands in Bulgaria. Acta zoologica bulgarica, 58(3), 409-420."
753,Ips typographus,Nematode,Contortylenchus diplogaster,Bulgaria,pathogen,,,morphological,,isolated from beetle,,,"Takov et al., 2006",2006,full text,"Takov, D., Pilarska, D., & Wegensteiner, R. (2006). Entomopathogens in Ips typographus (Coleoptera: Scolytidae) from several spruce stands in Bulgaria. Acta zoologica bulgarica, 58(3), 409-420."
754,Ips typographus,Nematode,Cryptaphelenchus macrogaster,Bulgaria,pathogen,,,morphological,,isolated from beetle,,,"Takov et al., 2006",2006,full text,"Takov, D., Pilarska, D., & Wegensteiner, R. (2006). Entomopathogens in Ips typographus (Coleoptera: Scolytidae) from several spruce stands in Bulgaria. Acta zoologica bulgarica, 58(3), 409-420."
755,Ips typographus,Microsporidia,Chytridiopsis typographi,Bulgaria,pathogen,,,morphological,,isolated from beetle,,,"Takov et al., 2006",2006,full text,"Takov, D., Pilarska, D., & Wegensteiner, R. (2006). Entomopathogens in Ips typographus (Coleoptera: Scolytidae) from several spruce stands in Bulgaria. Acta zoologica bulgarica, 58(3), 409-420."
756,Ips typographus,Fungi,Beauveria bassiana,Bulgaria,pathogen,,,morphological,,isolated from beetle,,,"Takov et al., 2006",2006,full text,"Takov, D., Pilarska, D., & Wegensteiner, R. (2006). Entomopathogens in Ips typographus (Coleoptera: Scolytidae) from several spruce stands in Bulgaria. Acta zoologica bulgarica, 58(3), 409-420."
757,Ips sexdentatus,Fungi,Beauveria bassiana,Bulgaria,,,,,,isolated from beetle,,,"Takov et al., 2007",2007,full text,"Takov, D., Doychev, D., Wegensteiner, R., Pilarska, D., 2007. Study of bark beetle (Coleoptera, Scolytidae) pathogens from coniferous stands in Bulgaria. Acta Zool. Bulg. 59, 87–96."
758,Ips typographus,Virus,ItEPV,Bulgaria,,,,,,isolated from beetle,,,"Takov et al., 2007",2007,full text,"Takov, D., Doychev, D., Wegensteiner, R., Pilarska, D., 2007. Study of bark beetle (Coleoptera, Scolytidae) pathogens from coniferous stands in Bulgaria. Acta Zool. Bulg. 59, 87–96."
759,Ips typographus,Fungi,Beauveria bassiana,Bulgaria,,,,,,isolated from beetle,,,"Takov et al., 2007",2007,full text,"Takov, D., Doychev, D., Wegensteiner, R., Pilarska, D., 2007. Study of bark beetle (Coleoptera, Scolytidae) pathogens from coniferous stands in Bulgaria. Acta Zool. Bulg. 59, 87–96."
760,Ips typographus,Protist,Gregarina typographi,Bulgaria,,,,,,isolated from beetle,,,"Takov et al., 2007",2007,full text,"Takov, D., Doychev, D., Wegensteiner, R., Pilarska, D., 2007. Study of bark beetle (Coleoptera, Scolytidae) pathogens from coniferous stands in Bulgaria. Acta Zool. Bulg. 59, 87–96."
761,Ips sexdentatus,Protist,Gregarina typographi,Bulgaria,,,,,,isolated from beetle,,,"Takov et al., 2007",2007,full text,"Takov, D., Doychev, D., Wegensteiner, R., Pilarska, D., 2007. Study of bark beetle (Coleoptera, Scolytidae) pathogens from coniferous stands in Bulgaria. Acta Zool. Bulg. 59, 87–96."
762,Ips acuminatus,Protist,Gregarina cf. typographi,Bulgaria,,,,,,isolated from beetle,,,"Takov et al., 2007",2007,full text,"Takov, D., Doychev, D., Wegensteiner, R., Pilarska, D., 2007. Study of bark beetle (Coleoptera, Scolytidae) pathogens from coniferous stands in Bulgaria. Acta Zool. Bulg. 59, 87–96."
763,Ips acuminatus,Microsporidia,Chytridiopsis typographi,Bulgaria,,,,,,isolated from beetle,,,"Takov et al., 2007",2007,full text,"Takov, D., Doychev, D., Wegensteiner, R., Pilarska, D., 2007. Study of bark beetle (Coleoptera, Scolytidae) pathogens from coniferous stands in Bulgaria. Acta Zool. Bulg. 59, 87–96."
764,Pityogenes chalcographus,Protist,Gregarina cf. typographi,Bulgaria,,,,,,isolated from beetle,,,"Takov et al., 2007",2007,full text,"Takov, D., Doychev, D., Wegensteiner, R., Pilarska, D., 2007. Study of bark beetle (Coleoptera, Scolytidae) pathogens from coniferous stands in Bulgaria. Acta Zool. Bulg. 59, 87–96."
765,Pityogenes chalcographus,Protist,Menzbieria chalcographi,Bulgaria,,,,,,isolated from beetle,,,"Takov et al., 2007",2007,full text,"Takov, D., Doychev, D., Wegensteiner, R., Pilarska, D., 2007. Study of bark beetle (Coleoptera, Scolytidae) pathogens from coniferous stands in Bulgaria. Acta Zool. Bulg. 59, 87–96."
766,Orthotomicus proximus,Protist,Gregarina cf. typographi,Bulgaria,,,,,,isolated from beetle,,,"Takov et al., 2007",2007,full text,"Takov, D., Doychev, D., Wegensteiner, R., Pilarska, D., 2007. Study of bark beetle (Coleoptera, Scolytidae) pathogens from coniferous stands in Bulgaria. Acta Zool. Bulg. 59, 87–96."
767,Orthotomicus proximus,Microsporidia,Chytridiopsis cf.  typographi,Bulgaria,,,,,,isolated from beetle,,,"Takov et al., 2007",2007,full text,"Takov, D., Doychev, D., Wegensteiner, R., Pilarska, D., 2007. Study of bark beetle (Coleoptera, Scolytidae) pathogens from coniferous stands in Bulgaria. Acta Zool. Bulg. 59, 87–96."
768,Pityophthorus pityographus,Microsporidia,Malamoeba scolyti,Bulgaria,,,,,,isolated from beetle,,,"Takov et al., 2007",2007,full text,"Takov, D., Doychev, D., Wegensteiner, R., Pilarska, D., 2007. Study of bark beetle (Coleoptera, Scolytidae) pathogens from coniferous stands in Bulgaria. Acta Zool. Bulg. 59, 87–96."
769,Polygraphus subopacus,Protist,Gregarina cf. typographi,Bulgaria,,,,,,isolated from beetle,,,"Takov et al., 2007",2007,full text,"Takov, D., Doychev, D., Wegensteiner, R., Pilarska, D., 2007. Study of bark beetle (Coleoptera, Scolytidae) pathogens from coniferous stands in Bulgaria. Acta Zool. Bulg. 59, 87–96."
770,Cryphalus saltuarius,Microsporidia,Chytridiopsis cf.  typographi,Bulgaria,,,,,,isolated from beetle,,,"Takov et al., 2007",2007,full text,"Takov, D., Doychev, D., Wegensteiner, R., Pilarska, D., 2007. Study of bark beetle (Coleoptera, Scolytidae) pathogens from coniferous stands in Bulgaria. Acta Zool. Bulg. 59, 87–96."
771,Hylurgus ligniperda,Microsporidia,Nosema sp.,Bulgaria,,,,,,isolated from beetle,,,"Takov et al., 2007",2007,full text,"Takov, D., Doychev, D., Wegensteiner, R., Pilarska, D., 2007. Study of bark beetle (Coleoptera, Scolytidae) pathogens from coniferous stands in Bulgaria. Acta Zool. Bulg. 59, 87–96."
772,Hylurgops palliatus,Fungi,Beauveria bassiana,Bulgaria,pathogen,,,,,,,,"Takov et al., 2011",2011,full text,"Takov, D., Doychev, D., Linde, A., Draganova, S., Pilarska, D., 2011. Pathogens of bark beetles (Coleoptera: Curculionidae) in Bulgarian forests. Phytoparasitica 39, 343–352."
773,Ips sexdentatus,Protist,Gregarina typographi,Bulgaria,pathogen,,,,,,,,"Takov et al., 2011",2011,full text,"Takov, D., Doychev, D., Linde, A., Draganova, S., Pilarska, D., 2011. Pathogens of bark beetles (Coleoptera: Curculionidae) in Bulgarian forests. Phytoparasitica 39, 343–352."
774,Ips typographus,Protist,Gregarina typographi,Bulgaria,pathogen,,,,,,,,"Takov et al., 2011",2011,full text,"Takov, D., Doychev, D., Linde, A., Draganova, S., Pilarska, D., 2011. Pathogens of bark beetles (Coleoptera: Curculionidae) in Bulgarian forests. Phytoparasitica 39, 343–352."
775,Taphrorychus villifrons,Protist,Gregarina sp.,Bulgaria,pathogen,,,,,,,,"Takov et al., 2011",2011,full text,"Takov, D., Doychev, D., Linde, A., Draganova, S., Pilarska, D., 2011. Pathogens of bark beetles (Coleoptera: Curculionidae) in Bulgarian forests. Phytoparasitica 39, 343–352."
776,Pityogenes conjunctus,Protist,Gregarina sp.,Bulgaria,pathogen,,,,,,,,"Takov et al., 2011",2011,full text,"Takov, D., Doychev, D., Linde, A., Draganova, S., Pilarska, D., 2011. Pathogens of bark beetles (Coleoptera: Curculionidae) in Bulgarian forests. Phytoparasitica 39, 343–352."
777,Pityogenes chalcographus,Protist,Gregarina sp.,Bulgaria,pathogen,,,,,,,,"Takov et al., 2011",2011,full text,"Takov, D., Doychev, D., Linde, A., Draganova, S., Pilarska, D., 2011. Pathogens of bark beetles (Coleoptera: Curculionidae) in Bulgarian forests. Phytoparasitica 39, 343–352."
778,Pityogenes bistridentatus,Protist,Gregarina sp.,Bulgaria,pathogen,,,,,,,,"Takov et al., 2011",2011,full text,"Takov, D., Doychev, D., Linde, A., Draganova, S., Pilarska, D., 2011. Pathogens of bark beetles (Coleoptera: Curculionidae) in Bulgarian forests. Phytoparasitica 39, 343–352."
779,Orthotomicus proximus,Protist,Gregarina sp.,Bulgaria,pathogen,,,,,,,,"Takov et al., 2011",2011,full text,"Takov, D., Doychev, D., Linde, A., Draganova, S., Pilarska, D., 2011. Pathogens of bark beetles (Coleoptera: Curculionidae) in Bulgarian forests. Phytoparasitica 39, 343–352."
780,Orthotomicus erosus,Protist,Gregarina sp.,Bulgaria,pathogen,,,,,,,,"Takov et al., 2011",2011,full text,"Takov, D., Doychev, D., Linde, A., Draganova, S., Pilarska, D., 2011. Pathogens of bark beetles (Coleoptera: Curculionidae) in Bulgarian forests. Phytoparasitica 39, 343–352."
781,Hylurgus ligniperda,Microsporidia,Nosema sp.,Bulgaria,pathogen,,,,,,,,"Takov et al., 2011",2011,full text,"Takov, D., Doychev, D., Linde, A., Draganova, S., Pilarska, D., 2011. Pathogens of bark beetles (Coleoptera: Curculionidae) in Bulgarian forests. Phytoparasitica 39, 343–352."
782,Taphrorychus villifrons,Microsporidia,Nosema sp.,Bulgaria,pathogen,,,,,,,,"Takov et al., 2011",2011,full text,"Takov, D., Doychev, D., Linde, A., Draganova, S., Pilarska, D., 2011. Pathogens of bark beetles (Coleoptera: Curculionidae) in Bulgarian forests. Phytoparasitica 39, 343–352."
783,Ips acuminatus,Microsporidia,Chytridiopsis sp.,Bulgaria,pathogen,,,,,,,,"Takov et al., 2011",2011,full text,"Takov, D., Doychev, D., Linde, A., Draganova, S., Pilarska, D., 2011. Pathogens of bark beetles (Coleoptera: Curculionidae) in Bulgarian forests. Phytoparasitica 39, 343–352."
784,Dryocoetes autographus,Nematode,Nematodan,Bulgaria,pathogen; did not identify species,,,,,,,,"Takov et al., 2011",2011,full text,"Takov, D., Doychev, D., Linde, A., Draganova, S., Pilarska, D., 2011. Pathogens of bark beetles (Coleoptera: Curculionidae) in Bulgarian forests. Phytoparasitica 39, 343–352."
785,Hylurgops palliatus,Nematode,Nematodan,Bulgaria,pathogen; did not identify species,,,,,,,,"Takov et al., 2011",2011,full text,"Takov, D., Doychev, D., Linde, A., Draganova, S., Pilarska, D., 2011. Pathogens of bark beetles (Coleoptera: Curculionidae) in Bulgarian forests. Phytoparasitica 39, 343–352."
786,Hylurgus ligniperda,Nematode,Nematodan,Bulgaria,pathogen; did not identify species,,,,,,,,"Takov et al., 2011",2011,full text,"Takov, D., Doychev, D., Linde, A., Draganova, S., Pilarska, D., 2011. Pathogens of bark beetles (Coleoptera: Curculionidae) in Bulgarian forests. Phytoparasitica 39, 343–352."
787,Ips acuminatus,Nematode,Nematodan,Bulgaria,pathogen; did not identify species,,,,,,,,"Takov et al., 2011",2011,full text,"Takov, D., Doychev, D., Linde, A., Draganova, S., Pilarska, D., 2011. Pathogens of bark beetles (Coleoptera: Curculionidae) in Bulgarian forests. Phytoparasitica 39, 343–352."
788,Ips sexdentatus,Nematode,Nematodan,Bulgaria,pathogen; did not identify species,,,,,,,,"Takov et al., 2011",2011,full text,"Takov, D., Doychev, D., Linde, A., Draganova, S., Pilarska, D., 2011. Pathogens of bark beetles (Coleoptera: Curculionidae) in Bulgarian forests. Phytoparasitica 39, 343–352."
789,Ips typographus,Nematode,Nematodan,Bulgaria,pathogen; did not identify species,,,,,,,,"Takov et al., 2011",2011,full text,"Takov, D., Doychev, D., Linde, A., Draganova, S., Pilarska, D., 2011. Pathogens of bark beetles (Coleoptera: Curculionidae) in Bulgarian forests. Phytoparasitica 39, 343–352."
790,Orthotomicus erosus,Nematode,Nematodan,Bulgaria,pathogen; did not identify species,,,,,,,,"Takov et al., 2011",2011,full text,"Takov, D., Doychev, D., Linde, A., Draganova, S., Pilarska, D., 2011. Pathogens of bark beetles (Coleoptera: Curculionidae) in Bulgarian forests. Phytoparasitica 39, 343–352."
791,Orthotomicus laricis,Nematode,Nematodan,Bulgaria,pathogen; did not identify species,,,,,,,,"Takov et al., 2011",2011,full text,"Takov, D., Doychev, D., Linde, A., Draganova, S., Pilarska, D., 2011. Pathogens of bark beetles (Coleoptera: Curculionidae) in Bulgarian forests. Phytoparasitica 39, 343–352."
792,Orthotomicus longicollis,Nematode,Nematodan,Bulgaria,pathogen; did not identify species,,,,,,,,"Takov et al., 2011",2011,full text,"Takov, D., Doychev, D., Linde, A., Draganova, S., Pilarska, D., 2011. Pathogens of bark beetles (Coleoptera: Curculionidae) in Bulgarian forests. Phytoparasitica 39, 343–352."
793,Orthotomicus proximus,Nematode,Nematodan,Bulgaria,pathogen; did not identify species,,,,,,,,"Takov et al., 2011",2011,full text,"Takov, D., Doychev, D., Linde, A., Draganova, S., Pilarska, D., 2011. Pathogens of bark beetles (Coleoptera: Curculionidae) in Bulgarian forests. Phytoparasitica 39, 343–352."
794,Pityogenes bidentatus,Nematode,Nematodan,Bulgaria,pathogen; did not identify species,,,,,,,,"Takov et al., 2011",2011,full text,"Takov, D., Doychev, D., Linde, A., Draganova, S., Pilarska, D., 2011. Pathogens of bark beetles (Coleoptera: Curculionidae) in Bulgarian forests. Phytoparasitica 39, 343–352."
795,Pityogenes bistridentatus,Nematode,Nematodan,Bulgaria,pathogen; did not identify species,,,,,,,,"Takov et al., 2011",2011,full text,"Takov, D., Doychev, D., Linde, A., Draganova, S., Pilarska, D., 2011. Pathogens of bark beetles (Coleoptera: Curculionidae) in Bulgarian forests. Phytoparasitica 39, 343–352."
796,Pityogenes chalcographus,Nematode,Nematodan,Bulgaria,pathogen; did not identify species,,,,,,,,"Takov et al., 2011",2011,full text,"Takov, D., Doychev, D., Linde, A., Draganova, S., Pilarska, D., 2011. Pathogens of bark beetles (Coleoptera: Curculionidae) in Bulgarian forests. Phytoparasitica 39, 343–352."
797,Pityogenes conjunctus,Nematode,Nematodan,Bulgaria,pathogen; did not identify species,,,,,,,,"Takov et al., 2011",2011,full text,"Takov, D., Doychev, D., Linde, A., Draganova, S., Pilarska, D., 2011. Pathogens of bark beetles (Coleoptera: Curculionidae) in Bulgarian forests. Phytoparasitica 39, 343–352."
798,Pityogenes quadridens,Nematode,Nematodan,Bulgaria,pathogen; did not identify species,,,,,,,,"Takov et al., 2011",2011,full text,"Takov, D., Doychev, D., Linde, A., Draganova, S., Pilarska, D., 2011. Pathogens of bark beetles (Coleoptera: Curculionidae) in Bulgarian forests. Phytoparasitica 39, 343–352."
799,Taphrorychus villifrons,Nematode,Nematodan,Bulgaria,pathogen; did not identify species,,,,,,,,"Takov et al., 2011",2011,full text,"Takov, D., Doychev, D., Linde, A., Draganova, S., Pilarska, D., 2011. Pathogens of bark beetles (Coleoptera: Curculionidae) in Bulgarian forests. Phytoparasitica 39, 343–352."
800,Tomicus minor,Nematode,Nematodan,Bulgaria,pathogen; did not identify species,,,,,,,,"Takov et al., 2011",2011,full text,"Takov, D., Doychev, D., Linde, A., Draganova, S., Pilarska, D., 2011. Pathogens of bark beetles (Coleoptera: Curculionidae) in Bulgarian forests. Phytoparasitica 39, 343–352."
801,Tomicus piniperda,Nematode,Nematodan,Bulgaria,pathogen; did not identify species,,,,,,,,"Takov et al., 2011",2011,full text,"Takov, D., Doychev, D., Linde, A., Draganova, S., Pilarska, D., 2011. Pathogens of bark beetles (Coleoptera: Curculionidae) in Bulgarian forests. Phytoparasitica 39, 343–352."
802,Xyleborinus saxesenii,Nematode,Nematodan,Bulgaria,pathogen; did not identify species,,,,,,,,"Takov et al., 2011",2011,full text,"Takov, D., Doychev, D., Linde, A., Draganova, S., Pilarska, D., 2011. Pathogens of bark beetles (Coleoptera: Curculionidae) in Bulgarian forests. Phytoparasitica 39, 343–352."
803,Tomicus piniperda,Fungi,Beauveria bassiana,Bulgaria,,,,morphological,,,,,"Takov et al., 2012",2012,full text,"Takov, D. I., Doychev, D. D., Linde, A., Atanasova Draganova, S., & Kirilova Pilarska, D. (2012). Pathogens of bark beetles (Curculionidae: Scolytinae) and other beetles in Bulgaria. Biologia, 67(5), 966-972."
804,Orthotomicus longicollis,Fungi,Beauveria bassiana,Bulgaria,,,,morphological,,,,,"Takov et al., 2012",2012,full text,"Takov, D. I., Doychev, D. D., Linde, A., Atanasova Draganova, S., & Kirilova Pilarska, D. (2012). Pathogens of bark beetles (Curculionidae: Scolytinae) and other beetles in Bulgaria. Biologia, 67(5), 966-972."
805,Ips typographus,Fungi,Beauveria bassiana,Bulgaria,,,,morphological,,,,,"Takov et al., 2012",2012,full text,"Takov, D. I., Doychev, D. D., Linde, A., Atanasova Draganova, S., & Kirilova Pilarska, D. (2012). Pathogens of bark beetles (Curculionidae: Scolytinae) and other beetles in Bulgaria. Biologia, 67(5), 966-972."
806,Hylurgops palliatus,Fungi,Beauveria bassiana,Bulgaria,,,,morphological,,,,,"Takov et al., 2012",2012,full text,"Takov, D. I., Doychev, D. D., Linde, A., Atanasova Draganova, S., & Kirilova Pilarska, D. (2012). Pathogens of bark beetles (Curculionidae: Scolytinae) and other beetles in Bulgaria. Biologia, 67(5), 966-972."
807,Ips sexdentatus,Fungi,Beauveria bassiana,Bulgaria,,,,morphological,,,,,"Takov et al., 2012",2012,full text,"Takov, D. I., Doychev, D. D., Linde, A., Atanasova Draganova, S., & Kirilova Pilarska, D. (2012). Pathogens of bark beetles (Curculionidae: Scolytinae) and other beetles in Bulgaria. Biologia, 67(5), 966-972."
808,Hylurgops palliatus,Fungi,Beauveria brongniarti,Bulgaria,,,,morphological,,,,,"Takov et al., 2012",2012,full text,"Takov, D. I., Doychev, D. D., Linde, A., Atanasova Draganova, S., & Kirilova Pilarska, D. (2012). Pathogens of bark beetles (Curculionidae: Scolytinae) and other beetles in Bulgaria. Biologia, 67(5), 966-972."
809,Ips typographus,Fungi,Beauveria brongniarti,Bulgaria,,,,morphological,,,,,"Takov et al., 2012",2012,full text,"Takov, D. I., Doychev, D. D., Linde, A., Atanasova Draganova, S., & Kirilova Pilarska, D. (2012). Pathogens of bark beetles (Curculionidae: Scolytinae) and other beetles in Bulgaria. Biologia, 67(5), 966-972."
810,Ips typographus,Protist,Gregarina typographi,Bulgaria,,,,morphological,,,,,"Takov et al., 2012",2012,full text,"Takov, D. I., Doychev, D. D., Linde, A., Atanasova Draganova, S., & Kirilova Pilarska, D. (2012). Pathogens of bark beetles (Curculionidae: Scolytinae) and other beetles in Bulgaria. Biologia, 67(5), 966-972."
811,Ips sexdentatus,Protist,Gregarina typographi,Bulgaria,,,,morphological,,,,,"Takov et al., 2012",2012,full text,"Takov, D. I., Doychev, D. D., Linde, A., Atanasova Draganova, S., & Kirilova Pilarska, D. (2012). Pathogens of bark beetles (Curculionidae: Scolytinae) and other beetles in Bulgaria. Biologia, 67(5), 966-972."
812,Orthotomicus longicollis,Protist,Gregarina spp.,Bulgaria,,,,morphological,,,,,"Takov et al., 2012",2012,full text,"Takov, D. I., Doychev, D. D., Linde, A., Atanasova Draganova, S., & Kirilova Pilarska, D. (2012). Pathogens of bark beetles (Curculionidae: Scolytinae) and other beetles in Bulgaria. Biologia, 67(5), 966-972."
813,Ips amitinus,Protist,Gregarina spp.,Bulgaria,,,,morphological,,,,,"Takov et al., 2012",2012,full text,"Takov, D. I., Doychev, D. D., Linde, A., Atanasova Draganova, S., & Kirilova Pilarska, D. (2012). Pathogens of bark beetles (Curculionidae: Scolytinae) and other beetles in Bulgaria. Biologia, 67(5), 966-972."
814,Ips typographus,Microsporidia,Chytridiopsis typographi,Bulgaria,,,,morphological,,,,,"Takov et al., 2012",2012,full text,"Takov, D. I., Doychev, D. D., Linde, A., Atanasova Draganova, S., & Kirilova Pilarska, D. (2012). Pathogens of bark beetles (Curculionidae: Scolytinae) and other beetles in Bulgaria. Biologia, 67(5), 966-972."
815,Ips typographus,Virus,ItEPV,Bulgaria,,,,morphological,,,,,"Takov et al., 2012",2012,full text,"Takov, D. I., Doychev, D. D., Linde, A., Atanasova Draganova, S., & Kirilova Pilarska, D. (2012). Pathogens of bark beetles (Curculionidae: Scolytinae) and other beetles in Bulgaria. Biologia, 67(5), 966-972."
816,Ips sexdentatus,Fungi,Isaria farinosa,Bulgaria,,,,morphological,,,,,"Takov et al., 2012",2012,full text,"Takov, D. I., Doychev, D. D., Linde, A., Atanasova Draganova, S., & Kirilova Pilarska, D. (2012). Pathogens of bark beetles (Curculionidae: Scolytinae) and other beetles in Bulgaria. Biologia, 67(5), 966-972."
817,Ips amitinus,Microsporidia,Chytridiopsis sp.,Bulgaria,,,,morphological,,,,,"Takov et al., 2012",2012,full text,"Takov, D. I., Doychev, D. D., Linde, A., Atanasova Draganova, S., & Kirilova Pilarska, D. (2012). Pathogens of bark beetles (Curculionidae: Scolytinae) and other beetles in Bulgaria. Biologia, 67(5), 966-972."
818,Orthotomicus longicollis,Microsporidia,Chytridiopsis sp.,Bulgaria,,,,morphological,,,,,"Takov et al., 2012",2012,full text,"Takov, D. I., Doychev, D. D., Linde, A., Atanasova Draganova, S., & Kirilova Pilarska, D. (2012). Pathogens of bark beetles (Curculionidae: Scolytinae) and other beetles in Bulgaria. Biologia, 67(5), 966-972."
819,Dendroctonus armandi,Virus,Entomopoxvirus,,,,,,,,,,"Tang and Sun, 1990",1990,only English abstract,"Tang X. & M. Fan 1990. Study on DNA and polypeptides of a smallpox virus in Dendroctonus armandi Tsai et Li. Microbiology of Insects Beijing 17, 258-61."
820,Hypothenemus hampei,Fungi,Beauveria bassiana,China,,,,,,,,virulence test; testing nine strains,"Tang, 1999",1999,full text,Toxicity of Beauveria bassiana strains against Hypothenemus hampei
821,Dendroctonus micans,Fungi,Lecanicillium muscarium,,pathogen,laboratory,,morphological,cuticular contact,isolated from cadaver,,virulence test,"Tanyeli et al., 2010",2010,full text,"Tanyeli, E., Sevim, A., Demirbag, Z., Eroglu, M., & Demir, I. (2010). Isolation and virulence of entomopathogenic fungi against the great spruce bark beetle, Dendroctonus micans (Kugelann)(Coleoptera: Scolytidae). Biocontrol Science and Technology, 20(7), 695-701."
822,Dendroctonus micans,Fungi,Isaria farinosa,,pathogen,laboratory,,morphological,cuticular contact,isolated from cadaver,,virulence test,"Tanyeli et al., 2010",2010,full text,"Tanyeli, E., Sevim, A., Demirbag, Z., Eroglu, M., & Demir, I. (2010). Isolation and virulence of entomopathogenic fungi against the great spruce bark beetle, Dendroctonus micans (Kugelann)(Coleoptera: Scolytidae). Biocontrol Science and Technology, 20(7), 695-701."
823,Dendroctonus micans,Fungi,Fusarium sp.,,pathogen,laboratory,,morphological,cuticular contact,isolated from cadaver,,virulence test,"Tanyeli et al., 2010",2010,full text,"Tanyeli, E., Sevim, A., Demirbag, Z., Eroglu, M., & Demir, I. (2010). Isolation and virulence of entomopathogenic fungi against the great spruce bark beetle, Dendroctonus micans (Kugelann)(Coleoptera: Scolytidae). Biocontrol Science and Technology, 20(7), 695-701."
824,Dendroctonus micans,Fungi,Beauveria bassiana,,pathogen,laboratory,,morphological,cuticular contact,isolated from cadaver,,virulence test,"Tanyeli et al., 2010",2010,full text,"Tanyeli, E., Sevim, A., Demirbag, Z., Eroglu, M., & Demir, I. (2010). Isolation and virulence of entomopathogenic fungi against the great spruce bark beetle, Dendroctonus micans (Kugelann)(Coleoptera: Scolytidae). Biocontrol Science and Technology, 20(7), 695-701."
825,Dendroctonus micans,Fungi,Beauveria sp.,,pathogen,laboratory,,morphological,cuticular contact,isolated from cadaver,,virulence test,"Tanyeli et al., 2010",2010,full text,"Tanyeli, E., Sevim, A., Demirbag, Z., Eroglu, M., & Demir, I. (2010). Isolation and virulence of entomopathogenic fungi against the great spruce bark beetle, Dendroctonus micans (Kugelann)(Coleoptera: Scolytidae). Biocontrol Science and Technology, 20(7), 695-701."
826,Dendroctonus brevicomis,Nematode,Contortylenchus brevicomi,British Columbia,,,,,hemocoel,,,,"Thong and Webster, 1972",1972,full text,"Thong, C. H., & Webster, J. M. (1972). A Redescription of the bark beetle nematode Contortylenchus brevicomi: Synonym Contortylenchus barberus (Nematoda: Sphaerulariidae). Journal of nematology, 4(3), 213."
827,Dendroctonus pseudotsugae,Nematode,Contortylenchus reversus,Canada,parasite,,,,,evaluation of nematodes from beetles,,,"Thong and Webster, 1975",1975,full text,"Thong, C. H., & Webster, J. M. (1975). Effects of the bark beetle nematode, Contortylenchus reversus, on gallery construction, fecundity, and egg viability of the Douglas fir beetle, Dendroctonus pseudotsugae (Coleoptera: Scolytidae). Journal of Invertebrate Pathology, 26(2), 235-238."
828,Dendroctonus pseudotsugae,Nematode,Bursaphelenchus varicauda n.sp.,British Columbia,parasite,,,,,evaluation of nematodes from beetles,,,"Thong and Webster, 1983",1983,full text,"Thong, C. H., & Webster, J. M. (1983). Nematode parasites and associates of Dendroctonus spp. and Trypodendron lineatum (Coleoptera: Scolytidae), with a description of Bursaphelenchus varicauda n. sp. Journal of Nematology, 15(2), 312."
829,Dendroctonus pseudotsugae,Nematode,Ektaphelenchus macrostylus,British Columbia,parasite,,,,,evaluation of nematodes from beetles,,,"Thong and Webster, 1983",1983,full text,"Thong, C. H., & Webster, J. M. (1983). Nematode parasites and associates of Dendroctonus spp. and Trypodendron lineatum (Coleoptera: Scolytidae), with a description of Bursaphelenchus varicauda n. sp. Journal of Nematology, 15(2), 312."
830,Dendroctonus pseudotsugae,Nematode,Panagrolaimus dentatus,British Columbia,parasite,,,,,evaluation of nematodes from beetles,,,"Thong and Webster, 1983",1983,full text,"Thong, C. H., & Webster, J. M. (1983). Nematode parasites and associates of Dendroctonus spp. and Trypodendron lineatum (Coleoptera: Scolytidae), with a description of Bursaphelenchus varicauda n. sp. Journal of Nematology, 15(2), 312."
831,Dendroctonus pseudotsugae,Nematode,Cryptaphelenchus latus,British Columbia,parasite,,,,,evaluation of nematodes from beetles,,,"Thong and Webster, 1983",1983,full text,"Thong, C. H., & Webster, J. M. (1983). Nematode parasites and associates of Dendroctonus spp. and Trypodendron lineatum (Coleoptera: Scolytidae), with a description of Bursaphelenchus varicauda n. sp. Journal of Nematology, 15(2), 312."
832,Dendroctonus pseudotsugae,Nematode,Parasitorhabditis obtusa,British Columbia,,,,,gut,evaluation of nematodes from beetles,,,"Thong and Webster, 1983",1983,full text,"Thong, C. H., & Webster, J. M. (1983). Nematode parasites and associates of Dendroctonus spp. and Trypodendron lineatum (Coleoptera: Scolytidae), with a description of Bursaphelenchus varicauda n. sp. Journal of Nematology, 15(2), 312."
833,Dendroctonus pseudotsugae,Nematode,Contortylenchus reversus,British Columbia,,,,,hemocoel,evaluation of nematodes from beetles,,,"Thong and Webster, 1983",1983,full text,"Thong, C. H., & Webster, J. M. (1983). Nematode parasites and associates of Dendroctonus spp. and Trypodendron lineatum (Coleoptera: Scolytidae), with a description of Bursaphelenchus varicauda n. sp. Journal of Nematology, 15(2), 312."
834,Dendroctonus rufipennis,Nematode,Parasitorhabditis obtusa,British Columbia,,,,,gut,evaluation of nematodes from beetles,,,"Thong and Webster, 1983",1983,full text,"Thong, C. H., & Webster, J. M. (1983). Nematode parasites and associates of Dendroctonus spp. and Trypodendron lineatum (Coleoptera: Scolytidae), with a description of Bursaphelenchus varicauda n. sp. Journal of Nematology, 15(2), 312."
835,Dendroctonus rufipennis,Nematode,Contortylenchus reversus,British Columbia,,,,,hemocoel,evaluation of nematodes from beetles,,,"Thong and Webster, 1983",1983,full text,"Thong, C. H., & Webster, J. M. (1983). Nematode parasites and associates of Dendroctonus spp. and Trypodendron lineatum (Coleoptera: Scolytidae), with a description of Bursaphelenchus varicauda n. sp. Journal of Nematology, 15(2), 312."
836,Dendroctonus rufipennis,Nematode,Sphaerulariopsis dendroetoni,British Columbia,,,,,hemocoel,evaluation of nematodes from beetles,,,"Thong and Webster, 1983",1983,full text,"Thong, C. H., & Webster, J. M. (1983). Nematode parasites and associates of Dendroctonus spp. and Trypodendron lineatum (Coleoptera: Scolytidae), with a description of Bursaphelenchus varicauda n. sp. Journal of Nematology, 15(2), 312."
837,Dendroctonus brevicomis,Nematode,Contortylenchus brevicomi,British Columbia,,,,,hemocoel,evaluation of nematodes from beetles,,,"Thong and Webster, 1983",1983,full text,"Thong, C. H., & Webster, J. M. (1983). Nematode parasites and associates of Dendroctonus spp. and Trypodendron lineatum (Coleoptera: Scolytidae), with a description of Bursaphelenchus varicauda n. sp. Journal of Nematology, 15(2), 312."
838,Trypodendron lineatum,Nematode,tylenchid larva parasitizing,British Columbia,,,,,hemocoel,evaluation of nematodes from beetles,,,"Thong and Webster, 1983",1983,full text,"Thong, C. H., & Webster, J. M. (1983). Nematode parasites and associates of Dendroctonus spp. and Trypodendron lineatum (Coleoptera: Scolytidae), with a description of Bursaphelenchus varicauda n. sp. Journal of Nematology, 15(2), 312."
839,Dendroctonus ponderosae,Nematode,Aphelenchulus reversus,United States,parasite,,,,,,,,"Thorne, 1935",1935,,"Thorne, G. (1935). Nemic parasites and associates of the mountain pine beetle (Dendroctonus monticolae) in Utah. J. Agric. Res. 51, 131–144."
840,Dendroctonus ponderosae,Nematode,Anguillulina pinophila,United States,,,,,,,,,"Thorne, 1935",1935,,"Thorne, G. (1935). Nemic parasites and associates of the mountain pine beetle (Dendroctonus monticolae) in Utah. J. Agric. Res. 51, 131–144."
841,Dendroctonus ponderosae,Nematode,Anguillulina magnicauda,United States,,,,,,,,,"Thorne, 1935",1935,,"Thorne, G. (1935). Nemic parasites and associates of the mountain pine beetle (Dendroctonus monticolae) in Utah. J. Agric. Res. 51, 131–144."
842,Dendroctonus ponderosae,Nematode,Aphelenchoides brachycephalus,United States,,,,,,,,,"Thorne, 1935",1935,,"Thorne, G. (1935). Nemic parasites and associates of the mountain pine beetle (Dendroctonus monticolae) in Utah. J. Agric. Res. 51, 131–144."
843,Dendroctonus ponderosae,Nematode,Aphelenchoides talonus,United States,,,,,,,,,"Thorne, 1935",1935,,"Thorne, G. (1935). Nemic parasites and associates of the mountain pine beetle (Dendroctonus monticolae) in Utah. J. Agric. Res. 51, 131–144."
844,Dendroctonus ponderosae,Nematode,Aphelenchoides tenuidens,United States,,,,,,,,,"Thorne, 1935",1935,,"Thorne, G. (1935). Nemic parasites and associates of the mountain pine beetle (Dendroctonus monticolae) in Utah. J. Agric. Res. 51, 131–144."
845,Dendroctonus ponderosae,Nematode,Aphelenchoides latus,United States,,,,,,,,,"Thorne, 1935",1935,,"Thorne, G. (1935). Nemic parasites and associates of the mountain pine beetle (Dendroctonus monticolae) in Utah. J. Agric. Res. 51, 131–144."
846,Dendroctonus ponderosae,Nematode,Panagrodontus dentatus,United States,,,,,,,,,"Thorne, 1935",1935,,"Thorne, G. (1935). Nemic parasites and associates of the mountain pine beetle (Dendroctonus monticolae) in Utah. J. Agric. Res. 51, 131–144."
847,Dendroctonus ponderosae,Nematode,Diplogaster pinicola,United States,,,,,,,,,"Thorne, 1935",1935,,"Thorne, G. (1935). Nemic parasites and associates of the mountain pine beetle (Dendroctonus monticolae) in Utah. J. Agric. Res. 51, 131–144."
848,Dendroctonus ponderosae,Nematode,Rhabditis obtusa,United States,,,,,,,,,"Thorne, 1935",1935,,"Thorne, G. (1935). Nemic parasites and associates of the mountain pine beetle (Dendroctonus monticolae) in Utah. J. Agric. Res. 51, 131–144."
849,Xylosandrus germanus,Fungi,Purpureocillium lilacinum,Turkey,,laboratory,,,,culture collection,,pathogenicity test,"Toksöz et al., 2018",2018,full text,"Toksöz, S., Oksal, E., Saruhan, I., & Kepenekci, I. (2018). Pathogenicity of the entomopathogenic fungus, Purpureocillium lilacinum TR1 against ambrosia beetles, Xylosandrus germanus (Blandford) and Xyleborus dispar (Fabricius)(Coleoptera: Curculionidae: Scolytinae). Mun. Ent. Zool, 13(2), 471-481."
850,Xyleborus dispar,Fungi,Purpureocillium lilacinum,Turkey,,laboratory,,,,culture collection,,pathogenicity test,"Toksöz et al., 2018",2018,full text,"Toksöz, S., Oksal, E., Saruhan, I., & Kepenekci, I. (2018). Pathogenicity of the entomopathogenic fungus, Purpureocillium lilacinum TR1 against ambrosia beetles, Xylosandrus germanus (Blandford) and Xyleborus dispar (Fabricius)(Coleoptera: Curculionidae: Scolytinae). Mun. Ent. Zool, 13(2), 471-481."
851,Hylurgopinus rufipes,Nematode,Parasitaphelenchus oldhami,Canada,parasite,,,,,,,,Tomalak et al. 1988,1988,full text,"Tomalak M., H.E. Welch & T.D. Galloway 1988. Interaction of Parasitic Nematode Parasitaphelenchus oldhami (Nematoda: Aphelenchoididae) and a Bacterium in Dutch Elm Disease Vector, Hylurgopinus rufipes (Coleoptera: Scolytidae). Journal of Invertebrate Pathology 52, 301-08."
852,Hylurgopinus rufipes,Bacteria,Rod-like bacteria,Canada,,,,,,unsuccessful culture,,,Tomalak et al. 1988,1988,full text,"Tomalak M., H.E. Welch & T.D. Galloway 1988. Interaction of Parasitic Nematode Parasitaphelenchus oldhami (Nematoda: Aphelenchoididae) and a Bacterium in Dutch Elm Disease Vector, Hylurgopinus rufipes (Coleoptera: Scolytidae). Journal of Invertebrate Pathology 52, 301-08."
853,Ips typographus,Virus,Entomopoxvirus,,,,,,,,,,"Tonka and Weiser, 2009",2009,non full text,"Tonka, T., Weiser, J., & Pultar, O. (2009). Entomopoxvirus in the spruce bark beetle, Ips typograhus and its laboratory management. IUFRO WG, 7(10)."
854,Ips typographus,Virus,ItEPV,,,,,,,isolated from infected beetle,,infection test; virus occlusion bodies were never found in larvae or any other preadult stage during the experiments,Tonka et al. 2007,2007,full text,"Tonka, T., Pultar, O., & Weiser, J. (2007). Survival of the spruce bark beetle, Ips typographus, infected with pathogens or parasites. IOBC WPRS BULLETIN, 30(1), 211-215."
855,Ips typographus,Microsporidia,Chytridiopsis typographi,,,,,,,isolated from infected beetle,,infection test,Tonka et al. 2007,2007,full text,"Tonka, T., Pultar, O., & Weiser, J. (2007). Survival of the spruce bark beetle, Ips typographus, infected with pathogens or parasites. IOBC WPRS BULLETIN, 30(1), 211-215."
856,Ips typographus,Protist,Gregarina typographi,,,,,,,isolated from infected beetle,,infection test,Tonka et al. 2007,2007,full text,"Tonka, T., Pultar, O., & Weiser, J. (2007). Survival of the spruce bark beetle, Ips typographus, infected with pathogens or parasites. IOBC WPRS BULLETIN, 30(1), 211-215."
857,Ips typographus,Nematode,Polymorphotylenchus typographi,,,,,,,isolated from infected beetle,,infection test,Tonka et al. 2007,2007,full text,"Tonka, T., Pultar, O., & Weiser, J. (2007). Survival of the spruce bark beetle, Ips typographus, infected with pathogens or parasites. IOBC WPRS BULLETIN, 30(1), 211-215."
858,Ips typographus,Microsporidia,Chytridiopsis typographi,Czech Republic,,,,,,isolated from beetle,,,"Tonka et al., 2010",2010,full text,"Tonka, T., Weiser Jr, J., & Weiser, J. (2010). Budding: a new stage in the development of Chytridiopsis typographi (Zygomycetes: Microsporidia). Journal of invertebrate pathology, 104(1), 17-22."
859,Xylosandrus germanus,Fungi,Beauveria bassiana,Turkey,,laboratory,,,,isolated from cadaver,,virulence test; isolated from cadavers of Xylosandrus germanus,"Tuncer et al., 2019",2019,full text,"Tuncer, C., Kushiyev, R., Erper, I., Ozdemir, I. O., & Saruhan, I. (2019). Efficacy of native isolates of Metarhizium anisopliae and Beauveria bassiana against the invasive ambrosia beetle, Xylosandrus germanus Blandford (Coleoptera: Curculionidae: Scolytinae). Egyptian Journal of Biological Pest Control, 29(1), 28."
860,Xylosandrus germanus,Fungi,Metarhizium anisopliae,Turkey,,laboratory,,,,isolated from cadaver,,virulence test; isolated from cadavers of Xylosandrus germanus,"Tuncer et al., 2019",2019,full text,"Tuncer, C., Kushiyev, R., Erper, I., Ozdemir, I. O., & Saruhan, I. (2019). Efficacy of native isolates of Metarhizium anisopliae and Beauveria bassiana against the invasive ambrosia beetle, Xylosandrus germanus Blandford (Coleoptera: Curculionidae: Scolytinae). Egyptian Journal of Biological Pest Control, 29(1), 28."
861,Ips sexdentatus,Protist,Gregarina typographi,Turkey,association report,,,,,,,,"Unal et al., 2009",2009,only English abstract,"Unal, S., Yaman, M., Tosun, O., & Aydin, C. (2009). Occurrence of Gregarina typographi (Apicomplexa, Gregarinidae) and Metschnikowia typographi (Ascomycota, Metschnikowiaceae) in Ips sexdentatus (Coleoptera: Curculionidae, Scolytinae) populations in Kastamonu (Turkey)."
862,Ips sexdentatus,Fungi,Metschnikowia typographi,Turkey,association report,,,,,,,,"Unal et al., 2009",2009,only English abstract,"Unal, S., Yaman, M., Tosun, O., & Aydin, C. (2009). Occurrence of Gregarina typographi (Apicomplexa, Gregarinidae) and Metschnikowia typographi (Ascomycota, Metschnikowiaceae) in Ips sexdentatus (Coleoptera: Curculionidae, Scolytinae) populations in Kastamonu (Turkey)."
863,Ips typographus,,,,,,,,,,,,"Vanická et al., 2016",2016,meta-analysis,"Vanická, H., Lukášová, K., & Holuša, J. (2016). Infection levels of pathogens in the European spruce bark beetle Ips typographus (Coleoptera: Curculionidae) at managed and unmanaged forest locations: a meta-data analysis. Central European Forestry Journal, 62(4), 216-222."
864,Ips duplicatus,Fungi,Beauveria bassiana,Slovakia,,laboratory,,morphological and molecular,,isolated from infected beetle,,pathogenicity test,"Vakula et al., 2025",2025,full text,"Vakula, J., Nikolov, C., Lalik, M., Horakova, M. K., Rell, S., Galko, J., ... & Barta, M. (2025). Selection, application, and pathogenicity of naturally occurring Beauveria bassiana strains against Ips duplicatus (Coleoptera: Curculionidae, Scolytinae). Biological Control, 204, 105740."
865,Ips typographus,Virus,ItEPV,Austria,,,,,,,,,"Wegensteiner and Weiser, 1995",1995,full text,"Wegensteiner R. & J. Weiser 1995. A new Entomopoxvirus in the bark beetle Ips typographus (Coleoptera: Scolytidae). Journal of Invertebrate Pathology 65, 203-05."
866,Ips typographus,Virus,ItEPV,Germany,,,,,,,,,"Wegensteiner and Weiser, 1996a",1996,full text,"Wegensteiner R. & J. Weiser 1996a. Untersuchungen zum Auftreten von Pathogenen bei Ips typographus (Coleoptera, Scolytidae) aus einem Naturschutzgebiet im Schwarzwald (Baden-Württemberg). Anzeiger für Schädlingskunde, Pflanzenschutz, Umweltschutz 69, 162-67."
867,Ips typographus,Microsporidia,Chytridiopsis typographi,Germany,,,,,,,,,"Wegensteiner and Weiser, 1996a",1996,full text,"Wegensteiner R. & J. Weiser 1996a. Untersuchungen zum Auftreten von Pathogenen bei Ips typographus (Coleoptera, Scolytidae) aus einem Naturschutzgebiet im Schwarzwald (Baden-Württemberg). Anzeiger für Schädlingskunde, Pflanzenschutz, Umweltschutz 69, 162-67."
868,Ips typographus,Microsporidia,Nosema typographi,Germany,,,,,,,,,"Wegensteiner and Weiser, 1996a",1996,full text,"Wegensteiner R. & J. Weiser 1996a. Untersuchungen zum Auftreten von Pathogenen bei Ips typographus (Coleoptera, Scolytidae) aus einem Naturschutzgebiet im Schwarzwald (Baden-Württemberg). Anzeiger für Schädlingskunde, Pflanzenschutz, Umweltschutz 69, 162-67."
869,Ips typographus,Protist,Gregarina typographi,Germany,,,,,,,,,"Wegensteiner and Weiser, 1996a",1996,full text,"Wegensteiner R. & J. Weiser 1996a. Untersuchungen zum Auftreten von Pathogenen bei Ips typographus (Coleoptera, Scolytidae) aus einem Naturschutzgebiet im Schwarzwald (Baden-Württemberg). Anzeiger für Schädlingskunde, Pflanzenschutz, Umweltschutz 69, 162-67."
870,Ips typographus,Nematode,Contortylenchus diphogaster,Germany,parasite,,,,,,,,"Wegensteiner and Weiser, 1996a",1996,full text,"Wegensteiner R. & J. Weiser 1996a. Untersuchungen zum Auftreten von Pathogenen bei Ips typographus (Coleoptera, Scolytidae) aus einem Naturschutzgebiet im Schwarzwald (Baden-Württemberg). Anzeiger für Schädlingskunde, Pflanzenschutz, Umweltschutz 69, 162-67."
871,Ips typographus,Nematode,Cryptaphelenchus macrogaster macrogaster,Germany,parasite,,,,,,,,"Wegensteiner and Weiser, 1996a",1996,full text,"Wegensteiner R. & J. Weiser 1996a. Untersuchungen zum Auftreten von Pathogenen bei Ips typographus (Coleoptera, Scolytidae) aus einem Naturschutzgebiet im Schwarzwald (Baden-Württemberg). Anzeiger für Schädlingskunde, Pflanzenschutz, Umweltschutz 69, 162-67."
872,Ips typographus,Microsporidia,Chytridiopsis typographi,Czech Republic,,,,,,,,,"Wegensteiner and Weiser, 1996b",1996,full text,"Wegensteiner R. & J. Weiser 1996b. Occurrence of Chytridiopsis typographi (Microspora, Chytridiopsida) in Ips typographus L. (Coleoptera, Scolytidae) field populations and in a laboratory stock. Journal of Applied Entomology 120, 595-602."
873,Ips typographus,Fungi,Metschnikowia cf. bicuspidata,Finland,,,,,,,,,"Wegensteiner and Weiser, 1998",1998,full text,"Wegensteiner R. & J. Weiser 1998. Infection of Ips typographus from Finland with the Ascomycete Metschnikowia cf. bicuspidata. Poster, 6th European Congress of Entomology, Ceske Budejovice, CR, 23.-29.08.1998, Abstracts vol. 2, 667."
874,Ips typographus,Microsporidia,Unikaryon montanum,Austria,,,,morphological,,evaluation of pathogen from beetles,,,"Wegensteiner and Weiser, 2004",2004,full text,"Wegensteiner, R., Weiser, J., 2004. Annual variation of pathogen occurrence and pathogen prevalence in Ips typographus (Coleoptera, Scolytidae) from the BOKU University Forest Demonstration Centre. J. Pest Sci. 77, 221–228."
875,Ips typographus,Protist,Gregarina typographi,Austria,,,,morphological,,evaluation of pathogen from beetles,,,"Wegensteiner and Weiser, 2004",2004,full text,"Wegensteiner, R., Weiser, J., 2004. Annual variation of pathogen occurrence and pathogen prevalence in Ips typographus (Coleoptera, Scolytidae) from the BOKU University Forest Demonstration Centre. J. Pest Sci. 77, 221–228."
876,Ips typographus,Microsporidia,Chytridiopsis typographi,Austria,,,,morphological,,evaluation of pathogen from beetles,,,"Wegensteiner and Weiser, 2004",2004,full text,"Wegensteiner, R., Weiser, J., 2004. Annual variation of pathogen occurrence and pathogen prevalence in Ips typographus (Coleoptera, Scolytidae) from the BOKU University Forest Demonstration Centre. J. Pest Sci. 77, 221–228."
877,Ips typographus,Protist,Menzbieria chalcographi,Austria,,,,morphological,,evaluation of pathogen from beetles,,,"Wegensteiner and Weiser, 2004",2004,full text,"Wegensteiner, R., Weiser, J., 2004. Annual variation of pathogen occurrence and pathogen prevalence in Ips typographus (Coleoptera, Scolytidae) from the BOKU University Forest Demonstration Centre. J. Pest Sci. 77, 221–228."
878,Ips typographus,,,,,,,,,,,,"Wegensteiner and Weiser, 2009",2009,,"Wegensteiner, R., & Weiser, J. (2009). Geographische Verbreitung und Häufigkeit von Pathogenen im Fichtenborkenkäfer Ips typogra phus L.(Coleoptera, Curculionidae) in Europa. Mitt. Dtsch. Ges. Allg. Angew. Entomol, 17, 159-162."
879,Ips typographus,Microsporidia,Nosema typographi,,,,,,,evaluation of pathogen from beetles,,,"Wegensteiner et al., 1996",1996,full text,"Wegensteiner R., J. Weiser & E. Führer 1996. Observations on the occurrence of pathogens in the bark beetle Ips typographus L. (Coleoptera, Scolytidae). Journal of Applied Entomology 120, 199-204."
880,Ips typographus,Microsporidia,Malamoeba scolyti,,,,,,,evaluation of pathogen from beetles,,,"Wegensteiner et al., 1996",1996,full text,"Wegensteiner R., J. Weiser & E. Führer 1996. Observations on the occurrence of pathogens in the bark beetle Ips typographus L. (Coleoptera, Scolytidae). Journal of Applied Entomology 120, 199-204."
881,Ips typographus,Microsporidia,Chytridiopsis typographi,Austria,,,,,,evaluation of pathogen from beetles,,,"Wegensteiner et al., 1996",1996,full text,"Wegensteiner R., J. Weiser & E. Führer 1996. Observations on the occurrence of pathogens in the bark beetle Ips typographus L. (Coleoptera, Scolytidae). Journal of Applied Entomology 120, 199-204."
882,Ips typographus,Microsporidia,Chytridiopsis typographi,Czech Republic,,,,,,evaluation of pathogen from beetles,,,"Wegensteiner et al., 1996",1996,full text,"Wegensteiner R., J. Weiser & E. Führer 1996. Observations on the occurrence of pathogens in the bark beetle Ips typographus L. (Coleoptera, Scolytidae). Journal of Applied Entomology 120, 199-204."
883,Ips typographus,Virus,Entomopoxvirus,Austria,,,,,,evaluation of pathogen from beetles,,,"Wegensteiner et al., 1996",1996,full text,"Wegensteiner R., J. Weiser & E. Führer 1996. Observations on the occurrence of pathogens in the bark beetle Ips typographus L. (Coleoptera, Scolytidae). Journal of Applied Entomology 120, 199-204."
884,Ips typographus,Protist,Gregarina typographi,Austria,,,,,,evaluation of pathogen from beetles,,,"Wegensteiner et al., 1996",1996,full text,"Wegensteiner R., J. Weiser & E. Führer 1996. Observations on the occurrence of pathogens in the bark beetle Ips typographus L. (Coleoptera, Scolytidae). Journal of Applied Entomology 120, 199-204."
885,Ips typographus,Protist,Gregarina typographi,Czech Republic,,,,,,evaluation of pathogen from beetles,,,"Wegensteiner et al., 1996",1996,full text,"Wegensteiner R., J. Weiser & E. Führer 1996. Observations on the occurrence of pathogens in the bark beetle Ips typographus L. (Coleoptera, Scolytidae). Journal of Applied Entomology 120, 199-204."
886,Ips typographus,Protist,Gregarina typographi ,Austria,,,,,,evaluation of pathogen from beetles,,,"Wegensteiner et al., 2007a",2007,full text,"Wegensteiner,R., Pernek,M.,Weiser, J., 2007a. Occurrence of Gregarina typographi (Sporozoa, Gregarinidae) and of Metschnikowia typographi (Ascomycota, Metschnikowiaceae) in Ips sexdentatus (Coleoptera, Scolytidae) from Austria. IOBC/wprsBull. 30, 217–220."
887,Ips typographus,Fungi,Metschnikowia cf. typographi,Austria,,,,,,evaluation of pathogen from beetles,,,"Wegensteiner et al., 2007a",2007,full text,"Wegensteiner,R., Pernek,M.,Weiser, J., 2007a. Occurrence of Gregarina typographi (Sporozoa, Gregarinidae) and of Metschnikowia typographi (Ascomycota, Metschnikowiaceae) in Ips sexdentatus (Coleoptera, Scolytidae) from Austria. IOBC/wprsBull. 30, 217–220."
888,Ips typographus,Protist,Gregarina typographi,Switzerland,,,,,,,,,"Wegensteiner et al., 2007b",2007,full text,"Wegensteiner, R., Epper, C., Wermelinger, B., 2007b. Untersuchungen über das Auftreten und die Dynamik von Pathogenen bei Ips typographus (Coleoptera, Scolytinae) in Befallsherden unter besonderer Berücksichtigung von Protozoen. Mitt. Schweiz. Entomol. Ges. 80, 79–90."
889,Ips typographus,Microsporidia,Chytridiopsis typographi,Switzerland,,,,,,,,,"Wegensteiner et al., 2007b",2007,full text,"Wegensteiner, R., Epper, C., Wermelinger, B., 2007b. Untersuchungen über das Auftreten und die Dynamik von Pathogenen bei Ips typographus (Coleoptera, Scolytinae) in Befallsherden unter besonderer Berücksichtigung von Protozoen. Mitt. Schweiz. Entomol. Ges. 80, 79–90."
890,Ips typographus,Protist,Gregarina typographi,Austria,pathogen; occurrence survey,,,,,,,,"Wegensteiner et al., 2010",2010,full text,"Wegensteiner, R., Dedryver, C.-A., Pierre, J.-S., 2010. The comparative prevalence and demographic impact of two pathogens in swarming Ips typographus adults: a quantitative analysis of long term trapping data. Agric. For. Entomol. 12, 49–57."
891,Ips typographus,Microsporidia,Chytridiopsis typographi,Austria,pathogen; occurrence survey,,,,,,,,"Wegensteiner et al., 2010",2010,full text,"Wegensteiner, R., Dedryver, C.-A., Pierre, J.-S., 2010. The comparative prevalence and demographic impact of two pathogens in swarming Ips typographus adults: a quantitative analysis of long term trapping data. Agric. For. Entomol. 12, 49–57."
892,Ips typographus,Virus,ItEPV,Austria,pathogen; occurrence survey,,,,,,,,"Wegensteiner et al., 2014",2014,full text,"Wegensteiner, R., Stradner, A., & Händel, U. (2014). Occurrence of pathogens in Ips typographus (Coleoptera: Curculionidae) and in other spruce bark beetles from the wilderness reserve Dürrenstein (Lower Austria). Biologia, 69(1), 92-100."
893,Ips typographus,Protist,Gregarina typographi,Austria,pathogen; occurrence survey,,,,,,,,"Wegensteiner et al., 2014",2014,full text,"Wegensteiner, R., Stradner, A., & Händel, U. (2014). Occurrence of pathogens in Ips typographus (Coleoptera: Curculionidae) and in other spruce bark beetles from the wilderness reserve Dürrenstein (Lower Austria). Biologia, 69(1), 92-100."
894,Ips typographus,Microsporidia,Chytridiopsis typographi,Austria,pathogen; occurrence survey,,,,,,,,"Wegensteiner et al., 2014",2014,full text,"Wegensteiner, R., Stradner, A., & Händel, U. (2014). Occurrence of pathogens in Ips typographus (Coleoptera: Curculionidae) and in other spruce bark beetles from the wilderness reserve Dürrenstein (Lower Austria). Biologia, 69(1), 92-100."
895,Ips typographus,Protist,Mattesia cf. schwenke,Austria,pathogen; occurrence survey,,,,,,,,"Wegensteiner et al., 2014",2014,full text,"Wegensteiner, R., Stradner, A., & Händel, U. (2014). Occurrence of pathogens in Ips typographus (Coleoptera: Curculionidae) and in other spruce bark beetles from the wilderness reserve Dürrenstein (Lower Austria). Biologia, 69(1), 92-100."
896,Ips typographus,Microsporidia,Nosema typographi,Austria,pathogen; occurrence survey,,,,,,,,"Wegensteiner et al., 2014",2014,full text,"Wegensteiner, R., Stradner, A., & Händel, U. (2014). Occurrence of pathogens in Ips typographus (Coleoptera: Curculionidae) and in other spruce bark beetles from the wilderness reserve Dürrenstein (Lower Austria). Biologia, 69(1), 92-100."
897,Ips typographus,Microsporidia,Unikaryon montanum,Austria,pathogen; occurrence survey,,,,,,,,"Wegensteiner et al., 2014",2014,full text,"Wegensteiner, R., Stradner, A., & Händel, U. (2014). Occurrence of pathogens in Ips typographus (Coleoptera: Curculionidae) and in other spruce bark beetles from the wilderness reserve Dürrenstein (Lower Austria). Biologia, 69(1), 92-100."
898,Ips typographus,Microsporidia,Malamoeba scolyti,Austria,pathogen; occurrence survey,,,,,,,,"Wegensteiner et al., 2014",2014,full text,"Wegensteiner, R., Stradner, A., & Händel, U. (2014). Occurrence of pathogens in Ips typographus (Coleoptera: Curculionidae) and in other spruce bark beetles from the wilderness reserve Dürrenstein (Lower Austria). Biologia, 69(1), 92-100."
899,Pityogenes chalcographus,Protist,Gregarina typographi,Austria,pathogen; occurrence survey,,,,,,,,"Wegensteiner et al., 2014",2014,full text,"Wegensteiner, R., Stradner, A., & Händel, U. (2014). Occurrence of pathogens in Ips typographus (Coleoptera: Curculionidae) and in other spruce bark beetles from the wilderness reserve Dürrenstein (Lower Austria). Biologia, 69(1), 92-100."
900,Pityogenes chalcographus,Protist,Mattesia cf. schwenke,Austria,pathogen; occurrence survey,,,,,,,,"Wegensteiner et al., 2014",2014,full text,"Wegensteiner, R., Stradner, A., & Händel, U. (2014). Occurrence of pathogens in Ips typographus (Coleoptera: Curculionidae) and in other spruce bark beetles from the wilderness reserve Dürrenstein (Lower Austria). Biologia, 69(1), 92-100."
901,Pityogenes chalcographus,Microsporidia,Chytridiopsis typographi,Austria,pathogen; occurrence survey,,,,,,,,"Wegensteiner et al., 2014",2014,full text,"Wegensteiner, R., Stradner, A., & Händel, U. (2014). Occurrence of pathogens in Ips typographus (Coleoptera: Curculionidae) and in other spruce bark beetles from the wilderness reserve Dürrenstein (Lower Austria). Biologia, 69(1), 92-100."
902,Ips amitinus,Protist,Gregarina typographi,Austria,pathogen; occurrence survey,,,,,,,,"Wegensteiner et al., 2014",2014,full text,"Wegensteiner, R., Stradner, A., & Händel, U. (2014). Occurrence of pathogens in Ips typographus (Coleoptera: Curculionidae) and in other spruce bark beetles from the wilderness reserve Dürrenstein (Lower Austria). Biologia, 69(1), 92-100."
903,Ips amitinus,Microsporidia,Chytridiopsis typographi,Austria,pathogen; occurrence survey,,,,,,,,"Wegensteiner et al., 2014",2014,full text,"Wegensteiner, R., Stradner, A., & Händel, U. (2014). Occurrence of pathogens in Ips typographus (Coleoptera: Curculionidae) and in other spruce bark beetles from the wilderness reserve Dürrenstein (Lower Austria). Biologia, 69(1), 92-100."
904,Ips typographus,Fungi,Beauveria bassiana,Austria,pathogen; occurrence survey,,,morphological,,,,,"Wegensteiner et al., 2015",2015,full text,"Wegensteiner, R., Tkaczuk, C., Bałazy, S., Griesser, S., Rouffaud, M. A., Stradner, A., ... & Papierok, B. (2015). Occurrence of pathogens in populations of Ips typographus, Ips sexdentatus (Coleoptera, Curculionidae, Scolytinae) and Hylobius spp.(Coleoptera, Curculionidae, Curculioninae) from Austria, Poland and France. Acta Protozoologica, 54(3)."
905,Ips typographus,Fungi,Isaria farinosa,Austria,pathogen; occurrence survey,,,morphological,,,,,"Wegensteiner et al., 2015",2015,full text,"Wegensteiner, R., Tkaczuk, C., Bałazy, S., Griesser, S., Rouffaud, M. A., Stradner, A., ... & Papierok, B. (2015). Occurrence of pathogens in populations of Ips typographus, Ips sexdentatus (Coleoptera, Curculionidae, Scolytinae) and Hylobius spp.(Coleoptera, Curculionidae, Curculioninae) from Austria, Poland and France. Acta Protozoologica, 54(3)."
906,Ips typographus,Fungi,Beauveria bassiana,Poland,pathogen; occurrence survey,,,morphological,,,,,"Wegensteiner et al., 2015",2015,full text,"Wegensteiner, R., Tkaczuk, C., Bałazy, S., Griesser, S., Rouffaud, M. A., Stradner, A., ... & Papierok, B. (2015). Occurrence of pathogens in populations of Ips typographus, Ips sexdentatus (Coleoptera, Curculionidae, Scolytinae) and Hylobius spp.(Coleoptera, Curculionidae, Curculioninae) from Austria, Poland and France. Acta Protozoologica, 54(3)."
907,Ips typographus,Fungi,Beauveria bassiana,France,pathogen; occurrence survey,,,morphological,,,,,"Wegensteiner et al., 2015",2015,full text,"Wegensteiner, R., Tkaczuk, C., Bałazy, S., Griesser, S., Rouffaud, M. A., Stradner, A., ... & Papierok, B. (2015). Occurrence of pathogens in populations of Ips typographus, Ips sexdentatus (Coleoptera, Curculionidae, Scolytinae) and Hylobius spp.(Coleoptera, Curculionidae, Curculioninae) from Austria, Poland and France. Acta Protozoologica, 54(3)."
908,Ips typographus,Fungi,Isaria farinosa,France,pathogen; occurrence survey,,,morphological,,,,,"Wegensteiner et al., 2015",2015,full text,"Wegensteiner, R., Tkaczuk, C., Bałazy, S., Griesser, S., Rouffaud, M. A., Stradner, A., ... & Papierok, B. (2015). Occurrence of pathogens in populations of Ips typographus, Ips sexdentatus (Coleoptera, Curculionidae, Scolytinae) and Hylobius spp.(Coleoptera, Curculionidae, Curculioninae) from Austria, Poland and France. Acta Protozoologica, 54(3)."
909,Ips typographus,Virus,ItEPV,Austria,pathogen; occurrence survey,,,morphological,,,,,"Wegensteiner et al., 2015",2015,full text,"Wegensteiner, R., Tkaczuk, C., Bałazy, S., Griesser, S., Rouffaud, M. A., Stradner, A., ... & Papierok, B. (2015). Occurrence of pathogens in populations of Ips typographus, Ips sexdentatus (Coleoptera, Curculionidae, Scolytinae) and Hylobius spp.(Coleoptera, Curculionidae, Curculioninae) from Austria, Poland and France. Acta Protozoologica, 54(3)."
910,Ips typographus,Virus,ItEPV,France,pathogen; occurrence survey,,,morphological,,,,,"Wegensteiner et al., 2015",2015,full text,"Wegensteiner, R., Tkaczuk, C., Bałazy, S., Griesser, S., Rouffaud, M. A., Stradner, A., ... & Papierok, B. (2015). Occurrence of pathogens in populations of Ips typographus, Ips sexdentatus (Coleoptera, Curculionidae, Scolytinae) and Hylobius spp.(Coleoptera, Curculionidae, Curculioninae) from Austria, Poland and France. Acta Protozoologica, 54(3)."
911,Ips typographus,Protist,Gregarina typographi ,Austria,pathogen; occurrence survey,,,morphological,,,,,"Wegensteiner et al., 2015",2015,full text,"Wegensteiner, R., Tkaczuk, C., Bałazy, S., Griesser, S., Rouffaud, M. A., Stradner, A., ... & Papierok, B. (2015). Occurrence of pathogens in populations of Ips typographus, Ips sexdentatus (Coleoptera, Curculionidae, Scolytinae) and Hylobius spp.(Coleoptera, Curculionidae, Curculioninae) from Austria, Poland and France. Acta Protozoologica, 54(3)."
912,Ips typographus,Protist,Gregarina typographi ,Poland,pathogen; occurrence survey,,,morphological,,,,,"Wegensteiner et al., 2015",2015,full text,"Wegensteiner, R., Tkaczuk, C., Bałazy, S., Griesser, S., Rouffaud, M. A., Stradner, A., ... & Papierok, B. (2015). Occurrence of pathogens in populations of Ips typographus, Ips sexdentatus (Coleoptera, Curculionidae, Scolytinae) and Hylobius spp.(Coleoptera, Curculionidae, Curculioninae) from Austria, Poland and France. Acta Protozoologica, 54(3)."
913,Ips typographus,Protist,Gregarina typographi ,France,pathogen; occurrence survey,,,morphological,,,,,"Wegensteiner et al., 2015",2015,full text,"Wegensteiner, R., Tkaczuk, C., Bałazy, S., Griesser, S., Rouffaud, M. A., Stradner, A., ... & Papierok, B. (2015). Occurrence of pathogens in populations of Ips typographus, Ips sexdentatus (Coleoptera, Curculionidae, Scolytinae) and Hylobius spp.(Coleoptera, Curculionidae, Curculioninae) from Austria, Poland and France. Acta Protozoologica, 54(3)."
914,Ips typographus,Protist,Mattesia sp.,Austria,pathogen; occurrence survey,,,morphological,,,,,"Wegensteiner et al., 2015",2015,full text,"Wegensteiner, R., Tkaczuk, C., Bałazy, S., Griesser, S., Rouffaud, M. A., Stradner, A., ... & Papierok, B. (2015). Occurrence of pathogens in populations of Ips typographus, Ips sexdentatus (Coleoptera, Curculionidae, Scolytinae) and Hylobius spp.(Coleoptera, Curculionidae, Curculioninae) from Austria, Poland and France. Acta Protozoologica, 54(3)."
915,Ips typographus,Microsporidia,Chytridiopsis typographi,Austria,pathogen; occurrence survey,,,morphological,,,,,"Wegensteiner et al., 2015",2015,full text,"Wegensteiner, R., Tkaczuk, C., Bałazy, S., Griesser, S., Rouffaud, M. A., Stradner, A., ... & Papierok, B. (2015). Occurrence of pathogens in populations of Ips typographus, Ips sexdentatus (Coleoptera, Curculionidae, Scolytinae) and Hylobius spp.(Coleoptera, Curculionidae, Curculioninae) from Austria, Poland and France. Acta Protozoologica, 54(3)."
916,Ips typographus,Microsporidia,Chytridiopsis typographi,Poland,pathogen; occurrence survey,,,morphological,,,,,"Wegensteiner et al., 2015",2015,full text,"Wegensteiner, R., Tkaczuk, C., Bałazy, S., Griesser, S., Rouffaud, M. A., Stradner, A., ... & Papierok, B. (2015). Occurrence of pathogens in populations of Ips typographus, Ips sexdentatus (Coleoptera, Curculionidae, Scolytinae) and Hylobius spp.(Coleoptera, Curculionidae, Curculioninae) from Austria, Poland and France. Acta Protozoologica, 54(3)."
917,Ips typographus,Microsporidia,Chytridiopsis typographi,France,pathogen; occurrence survey,,,morphological,,,,,"Wegensteiner et al., 2015",2015,full text,"Wegensteiner, R., Tkaczuk, C., Bałazy, S., Griesser, S., Rouffaud, M. A., Stradner, A., ... & Papierok, B. (2015). Occurrence of pathogens in populations of Ips typographus, Ips sexdentatus (Coleoptera, Curculionidae, Scolytinae) and Hylobius spp.(Coleoptera, Curculionidae, Curculioninae) from Austria, Poland and France. Acta Protozoologica, 54(3)."
918,Ips typographus,Protist,Unikaryon montanum,Austria,pathogen; occurrence survey,,,morphological,,,,,"Wegensteiner et al., 2015",2015,full text,"Wegensteiner, R., Tkaczuk, C., Bałazy, S., Griesser, S., Rouffaud, M. A., Stradner, A., ... & Papierok, B. (2015). Occurrence of pathogens in populations of Ips typographus, Ips sexdentatus (Coleoptera, Curculionidae, Scolytinae) and Hylobius spp.(Coleoptera, Curculionidae, Curculioninae) from Austria, Poland and France. Acta Protozoologica, 54(3)."
919,Ips typographus,Protist,Unikaryon montanum,Poland,pathogen; occurrence survey,,,morphological,,,,,"Wegensteiner et al., 2015",2015,full text,"Wegensteiner, R., Tkaczuk, C., Bałazy, S., Griesser, S., Rouffaud, M. A., Stradner, A., ... & Papierok, B. (2015). Occurrence of pathogens in populations of Ips typographus, Ips sexdentatus (Coleoptera, Curculionidae, Scolytinae) and Hylobius spp.(Coleoptera, Curculionidae, Curculioninae) from Austria, Poland and France. Acta Protozoologica, 54(3)."
920,Ips typographus,Protist,Unikaryon montanum,France,pathogen; occurrence survey,,,morphological,,,,,"Wegensteiner et al., 2015",2015,full text,"Wegensteiner, R., Tkaczuk, C., Bałazy, S., Griesser, S., Rouffaud, M. A., Stradner, A., ... & Papierok, B. (2015). Occurrence of pathogens in populations of Ips typographus, Ips sexdentatus (Coleoptera, Curculionidae, Scolytinae) and Hylobius spp.(Coleoptera, Curculionidae, Curculioninae) from Austria, Poland and France. Acta Protozoologica, 54(3)."
921,Ips typographus,Fungi,Beauveria caledonica,France,pathogen; occurrence survey,,,morphological,,,,,"Wegensteiner et al., 2015",2015,full text,"Wegensteiner, R., Tkaczuk, C., Bałazy, S., Griesser, S., Rouffaud, M. A., Stradner, A., ... & Papierok, B. (2015). Occurrence of pathogens in populations of Ips typographus, Ips sexdentatus (Coleoptera, Curculionidae, Scolytinae) and Hylobius spp.(Coleoptera, Curculionidae, Curculioninae) from Austria, Poland and France. Acta Protozoologica, 54(3)."
922,Ips typographus,Protist,Gregarina cf. typographi,Austria,pathogen; occurrence survey,,,morphological,,,,,"Wegensteiner et al., 2015",2015,full text,"Wegensteiner, R., Tkaczuk, C., Bałazy, S., Griesser, S., Rouffaud, M. A., Stradner, A., ... & Papierok, B. (2015). Occurrence of pathogens in populations of Ips typographus, Ips sexdentatus (Coleoptera, Curculionidae, Scolytinae) and Hylobius spp.(Coleoptera, Curculionidae, Curculioninae) from Austria, Poland and France. Acta Protozoologica, 54(3)."
923,Ips typographus,Protist,Gregarina cf. typographi,France,pathogen; occurrence survey,,,morphological,,,,,"Wegensteiner et al., 2015",2015,full text,"Wegensteiner, R., Tkaczuk, C., Bałazy, S., Griesser, S., Rouffaud, M. A., Stradner, A., ... & Papierok, B. (2015). Occurrence of pathogens in populations of Ips typographus, Ips sexdentatus (Coleoptera, Curculionidae, Scolytinae) and Hylobius spp.(Coleoptera, Curculionidae, Curculioninae) from Austria, Poland and France. Acta Protozoologica, 54(3)."
924,Ips typographus,Fungi,Metschnikowia cf. typographi,Austria,pathogen; occurrence survey,,,morphological,,,,,"Wegensteiner et al., 2015",2015,full text,"Wegensteiner, R., Tkaczuk, C., Bałazy, S., Griesser, S., Rouffaud, M. A., Stradner, A., ... & Papierok, B. (2015). Occurrence of pathogens in populations of Ips typographus, Ips sexdentatus (Coleoptera, Curculionidae, Scolytinae) and Hylobius spp.(Coleoptera, Curculionidae, Curculioninae) from Austria, Poland and France. Acta Protozoologica, 54(3)."
925,Ips typographus,Fungi,Metschnikowia cf. typographi,France,pathogen; occurrence survey,,,morphological,,,,,"Wegensteiner et al., 2015",2015,full text,"Wegensteiner, R., Tkaczuk, C., Bałazy, S., Griesser, S., Rouffaud, M. A., Stradner, A., ... & Papierok, B. (2015). Occurrence of pathogens in populations of Ips typographus, Ips sexdentatus (Coleoptera, Curculionidae, Scolytinae) and Hylobius spp.(Coleoptera, Curculionidae, Curculioninae) from Austria, Poland and France. Acta Protozoologica, 54(3)."
926,Trypodendron laeve,Nematode,Nematodes,Czech Republic,parasite; association report,,,,,,,,"Wegensteiner et al., 2016",2016,full text,"Wegensteiner, R., Lukášová, K., Vanická, H., Zimová, S., Kacprzyk, M., & Holuša, J. (2016). Extremely low infection levels of pathogens and nematodes in Trypodendron spp.(Coleoptera: Curculionidae). Central European Forestry Journal, 62(4), 202-206."
927,Trypodendron domesticum,Nematode,Nematodes,Poland,parasite; association report,,,,,,,,"Wegensteiner et al., 2016",2016,full text,"Wegensteiner, R., Lukášová, K., Vanická, H., Zimová, S., Kacprzyk, M., & Holuša, J. (2016). Extremely low infection levels of pathogens and nematodes in Trypodendron spp.(Coleoptera: Curculionidae). Central European Forestry Journal, 62(4), 202-206."
928,Trypodendron lineatum,Nematode,Nematodes,Czech Republic,parasite; association report,,,,,,,,"Wegensteiner et al., 2016",2016,full text,"Wegensteiner, R., Lukášová, K., Vanická, H., Zimová, S., Kacprzyk, M., & Holuša, J. (2016). Extremely low infection levels of pathogens and nematodes in Trypodendron spp.(Coleoptera: Curculionidae). Central European Forestry Journal, 62(4), 202-206."
929,Trypodendron lineatum,Nematode,Nematodes,Poland,parasite; association report,,,,,,,,"Wegensteiner et al., 2016",2016,full text,"Wegensteiner, R., Lukášová, K., Vanická, H., Zimová, S., Kacprzyk, M., & Holuša, J. (2016). Extremely low infection levels of pathogens and nematodes in Trypodendron spp.(Coleoptera: Curculionidae). Central European Forestry Journal, 62(4), 202-206."
930,Trypodendron lineatum,Microsporidia,Chytridiopsis sp.,Austria,parasite; association report,,,,,,,,"Wegensteiner et al., 2016",2016,full text,"Wegensteiner, R., Lukášová, K., Vanická, H., Zimová, S., Kacprzyk, M., & Holuša, J. (2016). Extremely low infection levels of pathogens and nematodes in Trypodendron spp.(Coleoptera: Curculionidae). Central European Forestry Journal, 62(4), 202-206."
931,Trypodendron lineatum,Protist,Gregarina sp.,Austria,parasite; association report,,,,,,,,"Wegensteiner et al., 2016",2016,full text,"Wegensteiner, R., Lukášová, K., Vanická, H., Zimová, S., Kacprzyk, M., & Holuša, J. (2016). Extremely low infection levels of pathogens and nematodes in Trypodendron spp.(Coleoptera: Curculionidae). Central European Forestry Journal, 62(4), 202-206."
932,Ips typographus,Fungi,Beauveria,,,,,,,,,,"Wegensteiner, 1992",1992,non full text,"Wegensteiner R. 1992. Untersuchungen zur Wirkung von Beauveria-Arten auf Ips typographus (Coleoptera, Scolytidae). Mitteilungen der Deutschen Gesellschaft für allgemeine und angewandte Entomologie 8, 104-06."
933,Ips typographus,Microsporidia,Chytridiopsis typographi,Austria,,,,,,,,,"Wegensteiner, 1994",1994,only English abstract,"Wegensteiner R. 1994. Chytridiopsis typographi (Protozoa, Microsporidia) and other pathogens in Ips typographus (Coleoptera, Scolytidae). IOBC/wprs Bulletin Vol. 17 (3), 39-42."
934,Ips typographus,Protist,Gregarina spp.,Austria,,,,,,,,,"Wegensteiner, 1994",1994,only English abstract,"Wegensteiner R. 1994. Chytridiopsis typographi (Protozoa, Microsporidia) and other pathogens in Ips typographus (Coleoptera, Scolytidae). IOBC/wprs Bulletin Vol. 17 (3), 39-42."
935,Ips typographus,Fungi,Beauveria bassiana,,,laboratory,,,,,,pathogenicity test,"Wegensteiner, 1996",1996,only English abstract,"Wegensteiner R. 1996. Laboratory evaluation of Beauveria bassiana (Bals.) Vuill. against Ips typographus (Coleoptera, Scolytidae). IOBC/wprs -Bulletin 19 (9), 186-89."
936,Polygraphus poligraphus,Fungi,Beauveria bassiana,,,laboratory,,,,,,pathogenicity test,"Wegensteiner, 2000",2000,only English abstract,"Wegensteiner, R., 2000. Laboratory evaluation of Beauveria bassiana (Bals.) Vuill. and Beauveria brongniartii (Sacc.) Petch against the four eyed spruce bark beetle, Polygraphus poligraphus (L.) (Coleopetra, Scolytidae). IOBC/wprs Bull 23, 161–166."
937,Polygraphus poligraphus,Fungi,Beauveria brongniartii,,,laboratory,,,,,,pathogenicity test,"Wegensteiner, 2000",2000,only English abstract,"Wegensteiner, R., 2000. Laboratory evaluation of Beauveria bassiana (Bals.) Vuill. and Beauveria brongniartii (Sacc.) Petch against the four eyed spruce bark beetle, Polygraphus poligraphus (L.) (Coleopetra, Scolytidae). IOBC/wprs Bull 23, 161–166."
938,Ips typographus,Virus,Entomopoxvirus group A,,,,,,midgut,,,,"Weiser and Wegensteiner, 1994",1994,only English abstract,"Weiser, J., Wegensteiner, R., 1994. A new entomopoxvirus in the bark beetle Ips typographus (Coleoptera, Scolytidae) in Czechoslovakia. Z. Angew. Zool. 80, 425–434."
939,Pityokteines spinidens,Microsporidia,Canningia spinidentis,Austria,,,,,,evaluation of pathogen from beetles,,,"Weiser et al., 1995",1995,full text,"Weiser, J., Wegensteiner, R.,Zizka, Z., 1995. Canningia spinidentis gen. et sp.n. (Protista: Microspora), a new pathogen of the fir bark beetle Pityokteines spinidens. Folia Parasit 42, 1–10."
940,Ips typographus,Microsporidia,Nosema typographi,,,,,,,,,,"Weiser et al., 1997",1997,full text,"Weiser, J., Wegensteiner, R., & Žižka, Z. (1997). Ultrastructures of Nosema typographi Weiser 1955 (Microspora: Nosematidae) of the Bark Beetle Ips typographusL.(Coleoptera; Scolytidae). Journal of invertebrate pathology, 70(2), 156-160."
941,Ips typographus,Protist,Unikaryon montanum,,,,,,,,,,"Weiser et al., 1998",1998,full text,"Weiser, J., Wegensteiner, R., & Žižka, Z. (1998). Unikaryon montanum sp. n.(Protista: Microspora), a new pathogen of the spruce bark beetle, Ips typographus (Coleoptera: Scolytidae). Folia Parasitologica, 45(3), 191-195."
942,Polygraphus poligraphus,Microsporidia,Unikaryon polygraphi,Austria,,,,,,,,pathogenicity test,"Weiser et al., 2002",2002,full text,"Weiser, J., Händel, U., Wegensteiner, R., & Zizka, Z. (2002). Unikaryon polygraphi sp. n.(Protista, Microspora): a new pathogen of the four‐eyed spruce bark beetle Polygraphus poligraphus (Col., Scolytidae). Journal of Applied Entomology, 126(2‐3), 148-154."
943,Ips typographus,Fungi,Metschnikowia typographi,Finland,occurrence survey,,,morphological,,evaluation of pathogen from beetles,,,"Weiser et al., 2003",2003,full text,"Weiser, J., Wegensteiner, R., Händel, U., & Žižka, Z. (2003). Infections with the ascomycete fungus Metschnikowia typographi sp. nov. in the bark beetles Ips typographus and Ips amitinus (Coleoptera, Scolytidae). Folia microbiologica, 48(5), 611-618."
944,Ips amitinus,Fungi,Metschnikowia typographi,Finland,occurrence survey,,,morphological,,evaluation of pathogen from beetles,,,"Weiser et al., 2003",2003,full text,"Weiser, J., Wegensteiner, R., Händel, U., & Žižka, Z. (2003). Infections with the ascomycete fungus Metschnikowia typographi sp. nov. in the bark beetles Ips typographus and Ips amitinus (Coleoptera, Scolytidae). Folia microbiologica, 48(5), 611-618."
945,Ips typographus,Fungi,Metschnikowia typographi,Austria,occurrence survey,,,morphological,,evaluation of pathogen from beetles,,,"Weiser et al., 2003",2003,full text,"Weiser, J., Wegensteiner, R., Händel, U., & Žižka, Z. (2003). Infections with the ascomycete fungus Metschnikowia typographi sp. nov. in the bark beetles Ips typographus and Ips amitinus (Coleoptera, Scolytidae). Folia microbiologica, 48(5), 611-618."
946,Ips amitinus,Fungi,Metschnikowia typographi,Austria,occurrence survey,,,morphological,,evaluation of pathogen from beetles,,,"Weiser et al., 2003",2003,full text,"Weiser, J., Wegensteiner, R., Händel, U., & Žižka, Z. (2003). Infections with the ascomycete fungus Metschnikowia typographi sp. nov. in the bark beetles Ips typographus and Ips amitinus (Coleoptera, Scolytidae). Folia microbiologica, 48(5), 611-618."
947,Ips typographus,Fungi,Metschnikowia sp.,,occurrence survey,,,morphological,,evaluation of pathogen from beetles,,,"Weiser et al., 2003",2003,full text,"Weiser, J., Wegensteiner, R., Händel, U., & Žižka, Z. (2003). Infections with the ascomycete fungus Metschnikowia typographi sp. nov. in the bark beetles Ips typographus and Ips amitinus (Coleoptera, Scolytidae). Folia microbiologica, 48(5), 611-618."
948,Ips amitinus,Fungi,Metschnikowia sp.,,occurrence survey,,,morphological,,evaluation of pathogen from beetles,,,"Weiser et al., 2003",2003,full text,"Weiser, J., Wegensteiner, R., Händel, U., & Žižka, Z. (2003). Infections with the ascomycete fungus Metschnikowia typographi sp. nov. in the bark beetles Ips typographus and Ips amitinus (Coleoptera, Scolytidae). Folia microbiologica, 48(5), 611-618."
949,Ips typographus,Nematode,Contortylenchus dispar,Czech Republic,occurrence survey,,,,,evaluation of pathogen from beetles,,,"Weiser et al., 2006",2006,full text,"Weiser, J., Holuša, J., & Žižka, Z. (2006). Larssoniella duplicati n. sp.(Microsporidia, Unikaryonidae), a newly described pathogen infecting the double-spined spruce bark beetle, Ips duplicatus (Coleoptera, Scolytidae) in the Czech Republic. Journal of Pest Science, 79(3), 127-135."
950,Ips typographus,Nematode,Polymorphotylenchus typographi,Czech Republic,occurrence survey,,,,,evaluation of pathogen from beetles,,,"Weiser et al., 2006",2006,full text,"Weiser, J., Holuša, J., & Žižka, Z. (2006). Larssoniella duplicati n. sp.(Microsporidia, Unikaryonidae), a newly described pathogen infecting the double-spined spruce bark beetle, Ips duplicatus (Coleoptera, Scolytidae) in the Czech Republic. Journal of Pest Science, 79(3), 127-135."
951,Ips typographus,Microsporidia,Chytridiopsis typographi,Czech Republic,occurrence survey,,,,,evaluation of pathogen from beetles,,,"Weiser et al., 2006",2006,full text,"Weiser, J., Holuša, J., & Žižka, Z. (2006). Larssoniella duplicati n. sp.(Microsporidia, Unikaryonidae), a newly described pathogen infecting the double-spined spruce bark beetle, Ips duplicatus (Coleoptera, Scolytidae) in the Czech Republic. Journal of Pest Science, 79(3), 127-135."
952,Ips typographus,Microsporidia,Nosema typographi,Czech Republic,occurrence survey,,,,,evaluation of pathogen from beetles,,,"Weiser et al., 2006",2006,full text,"Weiser, J., Holuša, J., & Žižka, Z. (2006). Larssoniella duplicati n. sp.(Microsporidia, Unikaryonidae), a newly described pathogen infecting the double-spined spruce bark beetle, Ips duplicatus (Coleoptera, Scolytidae) in the Czech Republic. Journal of Pest Science, 79(3), 127-135."
953,Ips typographus,Protist,Gregarina typographi,Czech Republic,occurrence survey,,,,,evaluation of pathogen from beetles,,,"Weiser et al., 2006",2006,full text,"Weiser, J., Holuša, J., & Žižka, Z. (2006). Larssoniella duplicati n. sp.(Microsporidia, Unikaryonidae), a newly described pathogen infecting the double-spined spruce bark beetle, Ips duplicatus (Coleoptera, Scolytidae) in the Czech Republic. Journal of Pest Science, 79(3), 127-135."
954,Ips duplicatus,Protist,Larssoniella duplicati,Czech Republic,occurrence survey,,,,,evaluation of pathogen from beetles,,,"Weiser et al., 2006",2006,full text,"Weiser, J., Holuša, J., & Žižka, Z. (2006). Larssoniella duplicati n. sp.(Microsporidia, Unikaryonidae), a newly described pathogen infecting the double-spined spruce bark beetle, Ips duplicatus (Coleoptera, Scolytidae) in the Czech Republic. Journal of Pest Science, 79(3), 127-135."
955,Ips duplicatus,Microsporidia,Chytridiopsis typographi,Czech Republic,occurrence survey,,,,,evaluation of pathogen from beetles,,,"Weiser et al., 2006",2006,full text,"Weiser, J., Holuša, J., & Žižka, Z. (2006). Larssoniella duplicati n. sp.(Microsporidia, Unikaryonidae), a newly described pathogen infecting the double-spined spruce bark beetle, Ips duplicatus (Coleoptera, Scolytidae) in the Czech Republic. Journal of Pest Science, 79(3), 127-135."
956,Ips duplicatus,Protist,Gregarina typographi,Czech Republic,occurrence survey,,,,,evaluation of pathogen from beetles,,,"Weiser et al., 2006",2006,full text,"Weiser, J., Holuša, J., & Žižka, Z. (2006). Larssoniella duplicati n. sp.(Microsporidia, Unikaryonidae), a newly described pathogen infecting the double-spined spruce bark beetle, Ips duplicatus (Coleoptera, Scolytidae) in the Czech Republic. Journal of Pest Science, 79(3), 127-135."
957,Ips duplicatus,Nematode,Contortylenchus amitini,Czech Republic,occurrence survey,,,,,evaluation of pathogen from beetles,,,"Weiser et al., 2006",2006,full text,"Weiser, J., Holuša, J., & Žižka, Z. (2006). Larssoniella duplicati n. sp.(Microsporidia, Unikaryonidae), a newly described pathogen infecting the double-spined spruce bark beetle, Ips duplicatus (Coleoptera, Scolytidae) in the Czech Republic. Journal of Pest Science, 79(3), 127-135."
958,Ips typographus,Microsporidia,Chytridiopsis typographi,Czech Republic; Slovakia,,,,,,,,,"Weiser, 1954",1954,non full text,"Weiser, J. (1954). Beitrag zur Kenntnis der Parasiten des Borkenkäfers Ips typographus I. Věstník Československé Společnosti Zoologické, 18, 179-212."
959,Ips typographus,Microsporidia,Nosema typographi,,,,,,fat body,,,,"Weiser, 1955",1955,non full text,"Weiser, J. (1955). Beitrag zur Kenntnis der Parasiten des Borkenkäfers Ips typographus II. Věstník Československé Společnosti Zoologické, 19, 374-380."
960,Pityokteines curvidens,Microsporidia,Nosema curvidentis,Slovakia,,,,,fat body,,,,"Weiser, 1961",1961,only English abstract,"Weiser, J. (1961). A new microsporidian from the bark beetle Pityokteines curvidens Germar (Coleoptera, Scolytidae) in Czechoslovakia."
961,Scolytus scolytus,Microsporidia,Pleistophora scolyti,Slovakia,,,,,,evaluation of pathogen from beetles,,,"Weiser, 1968",1968,full text,"Weiser, J., 1968. Plistophora scolyti sp.n. (Protozoa, Microsporidia) a new parasite of Scolytus scolytus F. (Col., Scolytidae). Folia Parasitol. 15, 11–14."
962,Dendroctonus pseudotsugae,Microsporidia,Nosema dendroctoni,Canada,,,,,malpighian tubules; fat body,evaluation of pathogen from beetles,,,"Weiser, 1970",1970,full text,"Weiser, J. (1970). Three new pathogens of the Douglas fir beetle, Dendroctonus pseudotsugae: Nosema dendroctoni n. sp., Ophryocystic dendroctoni n. sp., and Chytridiopsis typographi n. comb. Journal of Invertebrate Pathology, 16(3), 436-441."
963,Dendroctonus pseudotsugae,Microsporidia,Ophryocystis dendroctoni,Canada,,,,,malpighian tubules,evaluation of pathogen from beetles,,,"Weiser, 1970",1970,full text,"Weiser, J. (1970). Three new pathogens of the Douglas fir beetle, Dendroctonus pseudotsugae: Nosema dendroctoni n. sp., Ophryocystic dendroctoni n. sp., and Chytridiopsis typographi n. comb. Journal of Invertebrate Pathology, 16(3), 436-441."
964,Dendroctonus pseudotsugae,Microsporidia,Chytridiopsis typographi,Canada,,,,,gut wall,evaluation of pathogen from beetles,,,"Weiser, 1970",1970,full text,"Weiser, J. (1970). Three new pathogens of the Douglas fir beetle, Dendroctonus pseudotsugae: Nosema dendroctoni n. sp., Ophryocystic dendroctoni n. sp., and Chytridiopsis typographi n. comb. Journal of Invertebrate Pathology, 16(3), 436-441."
965,Dendroctonus pseudotsugae,Fungi,Beauveria bassiana,Canada,,,,,,evaluation of pathogen from beetles,,,"Weiser, 1970",1970,full text,"Weiser, J. (1970). Three new pathogens of the Douglas fir beetle, Dendroctonus pseudotsugae: Nosema dendroctoni n. sp., Ophryocystic dendroctoni n. sp., and Chytridiopsis typographi n. comb. Journal of Invertebrate Pathology, 16(3), 436-441."
966,Dryocoetes confusus,Fungi,Beauveria bassiana,Canada,,,,,,,,pathogenicity test,"Whitney et al., 1984",1984,full text,"Whitney, H. S., Ritchie, D. C., Borden, J. H., & Stock, A. J. (1984). the fungus Beauveria bassiana (Deuteromycotina: Hyphomycetaceae) in the western balsam bark beetle, Dryocoetes confusus (Coleoptera: Scolytidae). The Canadian Entomologist, 116(10), 1419-1424."
967,Pityophthorus juglandis,Nematode,Bursaphlenhus juglandis,Russia,association report,,,,,,,,"Williams and Ginzel, 2023",2023,full text,"Williams, G. M., & Ginzel, M. D. (2023). Functional roles of nematodes associated with the walnut twig beetle and eastern black walnut in the inland northwest. Forest Pathology, 53(1), e12791."
968,Pityophthorus juglandis,Nematode,Panagrolaimus sp.,Russia,association report,,,,,,,,"Williams and Ginzel, 2023",2023,full text,"Williams, G. M., & Ginzel, M. D. (2023). Functional roles of nematodes associated with the walnut twig beetle and eastern black walnut in the inland northwest. Forest Pathology, 53(1), e12791."
969,Pityophthorus juglandis,Nematode,Panagrolaimus multidentatus,Russia,association report,,,,,,,,"Williams and Ginzel, 2023",2023,full text,"Williams, G. M., & Ginzel, M. D. (2023). Functional roles of nematodes associated with the walnut twig beetle and eastern black walnut in the inland northwest. Forest Pathology, 53(1), e12791."
970,Ips confusus,Bacteria,Serratia marcescens,,,,,,,,,,Wood 1961,1961,only English abstract,"Wood, D. L. (1961). The occurrence of Serratia marcescens Bizio in laboratory populations of Ips confusus (Leconte)(Coleoptera, Scolytidae)."
971,Xyleborus aquilus,Fungi,Metarhizium anisopliae,China,,,,,,isolated from longhorned beetle,,virulence test,"Wu et al., 2010",2010,full text,Virulence of Metarhizium anisopliae to Xyleborus aquilus Blendford in laboratory
972,Tomicus piniperda,Fungi,Metarhizium anisopliae,China,,,,,,,,pathogenicity test; three strains,"Xiao et al., 2007",2007,full text,Pathogenicity of Metaarhizium anisopliae Strains against Blastophagum spp.
973,Tomicus minor,Fungi,Metarhizium anisopliae,China,,,,,,,,pathogenicity test; three strains,"Xiao et al., 2007",2007,full text,Pathogenicity of Metaarhizium anisopliae Strains against Blastophagum spp.
974,Dendroctonus valens,Fungi,Beauveria bassiana,China,,,,,,culture collection,,pathogenicity test,"Xu et al., 2018",2018,full text,"Xu, L., Zhang, Y., Zhang, S., Deng, J., Lu, M., Zhang, L., & Zhang, J. (2018). Comparative analysis of the immune system of an invasive bark beetle, Dendroctonus valens, infected by an entomopathogenic fungus. Developmental & Comparative Immunology, 88, 65-69."
975,Dendroctonus valens,Fungi,Beauveria bassiana,China,,,,,,culture collection,,pathogenicity test,"Xu et al., 2019",2019,full text,"Xu, L., Deng, J., Zhou, F., Cheng, C., Zhang, L., Zhang, J., & Lu, M. (2019). Gut microbiota in an invasive bark beetle infected by a pathogenic fungus accelerates beetle mortality. Journal of Pest Science, 92(1), 343-351."
976,Scolytidae sp.,Fungi,Beauveria bassiana,China,pathogen,laboratory,,,cuticular contact,culture collection,,virulence test,"Xue and Yang, 2013",2013,full text,Pathogenicity and Sustainable Control Ｒole of Beauveria bassiana on Bark Beetles
977,Ips typographus,Protist,Gregarina typographi,Turkey,,,,,,evaluation of pathogen from beetles,,,"Yaman and Baki, 2010",2010,full text,"Yaman, M., & Baki, H. (2010). The First Record of Gregarina typographi Fuchs.(Protista: Apicomplexa: Gregarinidae) from the European Spruce Bark Beetle, Ips typographus (Linnaeus)(Coleoptera: Curculionidae: Scoltinae) in Turkey. Turkish journal of Parasitology, 34(4), 179-82."
978,Ips typographus,Virus,ItEPV,Turkey,association report,,,,,,,,"Yaman and Baki, 2011",2011,full text,"Yaman, M., & Baki, H. (2011). First Record of Entomopoxvirus of Ips typographus (Linnaeus)(Coleoptera: Curculionidae, Scolytinae) for Turkey. Acta zool. bulg, 63, 199-202."
979,Dendroctonus micans,Fungi,Metschnikowia sp.,Turkey,occurrence survey,,,,,,,,"Yaman and Radek, 2008a",2008,full text,"Yaman, M., & Radek, R. (2008). Pathogens and parasites of adults of the great spruce bark beetle, Dendroctonus micans (Kugelann)(Coleoptera: Curculionidae, Scolytinae) from Turkey. Journal of Pest Science, 81(2), 91-97."
980,Dendroctonus micans,Protist,Mattesia sp.,Turkey,occurrence survey,,,,,,,,"Yaman and Radek, 2008a",2008,full text,"Yaman, M., & Radek, R. (2008). Pathogens and parasites of adults of the great spruce bark beetle, Dendroctonus micans (Kugelann)(Coleoptera: Curculionidae, Scolytinae) from Turkey. Journal of Pest Science, 81(2), 91-97."
981,Dendroctonus micans,Nematode,Nematode,Turkey,occurrence survey,,,,,,,,"Yaman and Radek, 2008a",2008,full text,"Yaman, M., & Radek, R. (2008). Pathogens and parasites of adults of the great spruce bark beetle, Dendroctonus micans (Kugelann)(Coleoptera: Curculionidae, Scolytinae) from Turkey. Journal of Pest Science, 81(2), 91-97."
982,Dendroctonus micans,Protist,Menzbieria chalcographi,Turkey,,,,,,evaluation of pathogen from beetles,,,"Yaman and Radek, 2012",2012,full text,"Yaman, M., & Radek, R. (2012). Menzbieria chalcographi, a new neogregarine pathogen of the great spruce bark beetle, Dendroctonus micans (Kugelann)(Curculionidae, Scolytinae). Acta parasitologica, 57(3), 216-220."
983,Dendroctonus micans,Protist,Mattesia weiseri,Turkey,,,,,,evaluation of pathogen from beetles,,,"Yaman and Radek, 2015",2015,full text,"Yaman, M., & Radek, R. (2015). Mattesia weiseri sp. nov., a new neogregarine (Apicomplexa: Lipotrophidae) pathogen of the great spruce bark beetle, Dendroctonus micans (Coleoptera: Curculionidae, Scolytinae). Parasitology research, 114(8), 2951-2958."
984,Dendroctonus micans,Bacteria,Bacillus pumilus,Turkey,,,,,,isolated from beetle,,pathogenicity test,"Yaman et al., 2010a",2010,full text,"Yaman, M., Ertürk, Ö. & Aslan, İ. (2010) Isolation of some pathogenic bacteria from the great spruce bark beetle, Dendroctonus micans and its specific predator, Rhizophagus grandis . Folia Microbiol 55, 35–38"
985,Dendroctonus micans,Bacteria,Enterobacter intermedius,Turkey,,,,,,isolated from beetle,,pathogenicity test,"Yaman et al., 2010a",2010,full text,"Yaman, M., Ertürk, Ö. & Aslan, İ. (2010) Isolation of some pathogenic bacteria from the great spruce bark beetle, Dendroctonus micans and its specific predator, Rhizophagus grandis . Folia Microbiol 55, 35–38"
986,Dendroctonus micans,Bacteria,Citrobacter freundii,Turkey,,,,,,isolated from beetle,,pathogenicity test,"Yaman et al., 2010a",2010,full text,"Yaman, M., Ertürk, Ö. & Aslan, İ. (2010) Isolation of some pathogenic bacteria from the great spruce bark beetle, Dendroctonus micans and its specific predator, Rhizophagus grandis . Folia Microbiol 55, 35–38"
987,Dendroctonus micans,Bacteria,Cellulomonas flavigena,Turkey,,,,,,isolated from beetle,,pathogenicity test,"Yaman et al., 2010a",2010,full text,"Yaman, M., Ertürk, Ö. & Aslan, İ. (2010) Isolation of some pathogenic bacteria from the great spruce bark beetle, Dendroctonus micans and its specific predator, Rhizophagus grandis . Folia Microbiol 55, 35–38"
988,Dendroctonus micans,Bacteria,Microbacterium liquefaciens,Turkey,,,,,,isolated from beetle,,pathogenicity test,"Yaman et al., 2010a",2010,full text,"Yaman, M., Ertürk, Ö. & Aslan, İ. (2010) Isolation of some pathogenic bacteria from the great spruce bark beetle, Dendroctonus micans and its specific predator, Rhizophagus grandis . Folia Microbiol 55, 35–38"
989,Dendroctonus micans,Bacteria,Enterobacter amnigenus,Turkey,,,,,,isolated from beetle,,pathogenicity test,"Yaman et al., 2010a",2010,full text,"Yaman, M., Ertürk, Ö. & Aslan, İ. (2010) Isolation of some pathogenic bacteria from the great spruce bark beetle, Dendroctonus micans and its specific predator, Rhizophagus grandis . Folia Microbiol 55, 35–38"
990,Ips acuminatus,Protist,Mattesia sp.,Turkey,,,,morphological,,evaluation of pathogen from beetles,,,"Yaman et al., 2016",2016,full text,"Yaman, M., Algi, G., Unal, S., & Guner, B. G. (2016). Survey of pathogens and parasites of the engraver beetle Ips acuminatus (Gyllenhal, 1827)(Coleoptera: Curculionidae: Scolytinae) in Turkey. Acta zoologica bulgarica, 68(1), 127-130."
991,Ips acuminatus,Microsporidia,Chytridiopsis cf. typographi,Turkey,,,,morphological,,evaluation of pathogen from beetles,,,"Yaman et al., 2016",2016,full text,"Yaman, M., Algi, G., Unal, S., & Guner, B. G. (2016). Survey of pathogens and parasites of the engraver beetle Ips acuminatus (Gyllenhal, 1827)(Coleoptera: Curculionidae: Scolytinae) in Turkey. Acta zoologica bulgarica, 68(1), 127-130."
992,Ips sexdentatus,Protist,Gregarina typographi,Turkey,,,,,,evaluation of pathogen from beetles,,,"Yaman, 2007",2007,full text,"Yaman, M. (2007). Gregarina typographi Fuchs, a gregarine pathogen of the six-toothed pine bark beetle, Ips sexdentatus (Boerner)(Coleoptera: Curculionidae, Scolytinae) in Turkey. Turkish Journal of Zoology, 31(4), 359-363."
993,Ips sexdentatus,Protist,Gregarina phyllotretae,Turkey,,,,,,evaluation of pathogen from beetles,,,"Yaman, 2007",2007,full text,"Yaman, M. (2007). Gregarina typographi Fuchs, a gregarine pathogen of the six-toothed pine bark beetle, Ips sexdentatus (Boerner)(Coleoptera: Curculionidae, Scolytinae) in Turkey. Turkish Journal of Zoology, 31(4), 359-363."
994,Ips sexdentatus,Protist,Gregarina sp.,Turkey,,,,,,evaluation of pathogen from beetles,,,"Yaman, 2007",2007,full text,"Yaman, M. (2007). Gregarina typographi Fuchs, a gregarine pathogen of the six-toothed pine bark beetle, Ips sexdentatus (Boerner)(Coleoptera: Curculionidae, Scolytinae) in Turkey. Turkish Journal of Zoology, 31(4), 359-363."
995,Dendroctonus valens,Fungi,Beauveria bassiana,China,,,,morphological and molecular,,isolated from cadaver,,,"Yao et al., 2012",2012,full text,"Yao, J., Zhang, L., Chen, X., & Li, Z. (2012). A population survey of Beauveria bassiana in the microhabitat of the red turpentine beetle, Dendroctonus valens, in Chinese pine forests. Biocontrol Science and Technology, 22(11), 1254-1267."
996,Scolytus amygdali,Fungi,Aspergillus sp.,,,laboratory,,,cuticular contact,isolated from cadaver,,virulence test,"Zeiri et al., 2014",2014,full text,"Zeiri, A., Ayberk, H., Mejda, D., & Braham, M. (2014). Pathogenic fungus against the almond bark beetle Scolytus amygdali Geurin-Meneville (Coleoptera: Curculionidae: Scolytinae): Aspergillus sp. Egyptian Journal of Biological Pest Control, 24(1), 71."
997,Dendroctonus valens,Fungi,Beauveria bassiana,China,,laboratory,,,cuticular contact,culture collection,,pathogenicity test,"Zhang et al., 2011",2011,full text,"Zhang, L. W., Liu, Y. J., Yao, J., Wang, B., Huang, B., Li, Z. Z., ... & Sun, J. H. (2011). Evaluation of Beauveria bassiana (Hyphomycetes) isolates as potential agents for control of Dendroctonus valens. Insect Science, 18(2), 209-216."
998,Hylurgus ligniperda,Fungi,Beauveria bassiana,China,pathogen,laboratory,,morphological and molecular,cuticular contact,isolated from cadaver,,virulence test,"Zhang et al., 2024",2024,full text,Scanning electron microscopy and pathogenicity of Beauveria bassiana infection with Hylurgus ligniperda
999,Scolytidae sp.,Fungi,Metarhizium anisopliae,China,,,,,,commercial strain,,pathogenicity test,"Zhi et al., 2006",2006,full text,Efficacy test of Metarhizium anisopliae for controlling bark beetles on grapes
1000,Ips duplicatus,Microsporidia,Larssoniella duplicati,Sweden,occurrence survey,,,,,,,,"Zimová et al., 2019",2019,full text,"Zimová, S., Resnerová, K., Vanická, H., Horák, J., Trombik, J., Kacprzyk, M., ... & Holuša, J. (2019). Infection Levels of the Microsporidium Larssoniella duplicati in populations of the invasive bark beetle Ips Duplicatus: from native to new outbreak areas. Forests, 10(2), 131."
1001,Ips duplicatus,Microsporidia,Larssoniella duplicati,Poland,occurrence survey,,,,,,,,"Zimová et al., 2019",2019,full text,"Zimová, S., Resnerová, K., Vanická, H., Horák, J., Trombik, J., Kacprzyk, M., ... & Holuša, J. (2019). Infection Levels of the Microsporidium Larssoniella duplicati in populations of the invasive bark beetle Ips Duplicatus: from native to new outbreak areas. Forests, 10(2), 131."
1002,Ips duplicatus,Microsporidia,Larssoniella duplicati,Czech Republic,occurrence survey,,,,,,,,"Zimová et al., 2019",2019,full text,"Zimová, S., Resnerová, K., Vanická, H., Horák, J., Trombik, J., Kacprzyk, M., ... & Holuša, J. (2019). Infection Levels of the Microsporidium Larssoniella duplicati in populations of the invasive bark beetle Ips Duplicatus: from native to new outbreak areas. Forests, 10(2), 131."
1003,Ips duplicatus,Microsporidia,Larssoniella duplicati,Romania,occurrence survey,,,,,,,,"Zimová et al., 2019",2019,full text,"Zimová, S., Resnerová, K., Vanická, H., Horák, J., Trombik, J., Kacprzyk, M., ... & Holuša, J. (2019). Infection Levels of the Microsporidium Larssoniella duplicati in populations of the invasive bark beetle Ips Duplicatus: from native to new outbreak areas. Forests, 10(2), 131."
1004,Ips duplicatus,Microsporidia,Chytridiopsis typographi,Sweden,occurrence survey,,,,,,,,"Zimová et al., 2019",2019,full text,"Zimová, S., Resnerová, K., Vanická, H., Horák, J., Trombik, J., Kacprzyk, M., ... & Holuša, J. (2019). Infection Levels of the Microsporidium Larssoniella duplicati in populations of the invasive bark beetle Ips Duplicatus: from native to new outbreak areas. Forests, 10(2), 131."
1005,Ips duplicatus,Microsporidia,Chytridiopsis typographi,Czech Republic,occurrence survey,,,,,,,,"Zimová et al., 2019",2019,full text,"Zimová, S., Resnerová, K., Vanická, H., Horák, J., Trombik, J., Kacprzyk, M., ... & Holuša, J. (2019). Infection Levels of the Microsporidium Larssoniella duplicati in populations of the invasive bark beetle Ips Duplicatus: from native to new outbreak areas. Forests, 10(2), 131."
1006,Ips duplicatus,Nematode,intestinal nematodes,Sweden,occurrence survey,,,,,,,,"Zimová et al., 2019",2019,full text,"Zimová, S., Resnerová, K., Vanická, H., Horák, J., Trombik, J., Kacprzyk, M., ... & Holuša, J. (2019). Infection Levels of the Microsporidium Larssoniella duplicati in populations of the invasive bark beetle Ips Duplicatus: from native to new outbreak areas. Forests, 10(2), 131."
1007,Ips duplicatus,Nematode,intestinal nematodes,Poland,occurrence survey,,,,,,,,"Zimová et al., 2019",2019,full text,"Zimová, S., Resnerová, K., Vanická, H., Horák, J., Trombik, J., Kacprzyk, M., ... & Holuša, J. (2019). Infection Levels of the Microsporidium Larssoniella duplicati in populations of the invasive bark beetle Ips Duplicatus: from native to new outbreak areas. Forests, 10(2), 131."
1008,Ips duplicatus,Nematode,intestinal nematodes,Czech Republic,occurrence survey,,,,,,,,"Zimová et al., 2019",2019,full text,"Zimová, S., Resnerová, K., Vanická, H., Horák, J., Trombik, J., Kacprzyk, M., ... & Holuša, J. (2019). Infection Levels of the Microsporidium Larssoniella duplicati in populations of the invasive bark beetle Ips Duplicatus: from native to new outbreak areas. Forests, 10(2), 131."
1009,Ips duplicatus,Nematode,intestinal nematodes,Romania,occurrence survey,,,,,,,,"Zimová et al., 2019",2019,full text,"Zimová, S., Resnerová, K., Vanická, H., Horák, J., Trombik, J., Kacprzyk, M., ... & Holuša, J. (2019). Infection Levels of the Microsporidium Larssoniella duplicati in populations of the invasive bark beetle Ips Duplicatus: from native to new outbreak areas. Forests, 10(2), 131."
1010,Ips duplicatus,Nematode,hemolymph nematodes,Sweden,occurrence survey,,,,,,,,"Zimová et al., 2019",2019,full text,"Zimová, S., Resnerová, K., Vanická, H., Horák, J., Trombik, J., Kacprzyk, M., ... & Holuša, J. (2019). Infection Levels of the Microsporidium Larssoniella duplicati in populations of the invasive bark beetle Ips Duplicatus: from native to new outbreak areas. Forests, 10(2), 131."
1011,Ips duplicatus,Nematode,hemolymph nematodes,Poland,occurrence survey,,,,,,,,"Zimová et al., 2019",2019,full text,"Zimová, S., Resnerová, K., Vanická, H., Horák, J., Trombik, J., Kacprzyk, M., ... & Holuša, J. (2019). Infection Levels of the Microsporidium Larssoniella duplicati in populations of the invasive bark beetle Ips Duplicatus: from native to new outbreak areas. Forests, 10(2), 131."
1012,Ips duplicatus,Nematode,hemolymph nematodes,Czech Republic,occurrence survey,,,,,,,,"Zimová et al., 2019",2019,full text,"Zimová, S., Resnerová, K., Vanická, H., Horák, J., Trombik, J., Kacprzyk, M., ... & Holuša, J. (2019). Infection Levels of the Microsporidium Larssoniella duplicati in populations of the invasive bark beetle Ips Duplicatus: from native to new outbreak areas. Forests, 10(2), 131."
1013,Ips duplicatus,Nematode,hemolymph nematodes,Romania,occurrence survey,,,,,,,,"Zimová et al., 2019",2019,full text,"Zimová, S., Resnerová, K., Vanická, H., Horák, J., Trombik, J., Kacprzyk, M., ... & Holuša, J. (2019). Infection Levels of the Microsporidium Larssoniella duplicati in populations of the invasive bark beetle Ips Duplicatus: from native to new outbreak areas. Forests, 10(2), 131."
1014,Ips typographus,Protist,Mattesia sp.,Germany,,,,,,,,,"Žižka et al., 1997",1997,full text,"Žižka, Z., Weiser, J., & Wegensteiner, R. (1997). Ultrastructures of oocysts of Mattesia sp. in Ips typographus. J Eukaryot Microbiol, 44(98), 26A."
1015,Ips typographus,Virus,ItEPV,,,,,,,,,,"Žižka et al., 2001",2001,non full text,"Žižka, Z., Weiser, J., & Wegensteiner, R. (2001). Ultrastructure of the Entomopoxvirus Ab in the bark beetle Ips typographus. In 3rd Conference on Cell Biology, Kopp Publ., České Budějovice (pp. 214-215)."
